Rk,Player,Nation,Pos,Squad,Age,Born,90s,Gls,Sh,SoT,SoT%,Sh/90,SoT/90,G/Sh,G/SoT,Dist,FK,PK,PKatt,xG,npxG,npxG/Sh,G-xG,np:G-xG,Matches
1,Max Aarons\Max-Aarons,eng ENG,DF,Norwich City,21-267,2000,6.0,0,5,1,20.0,0.83,0.17,0.00,0.00,22.9,0,0,0,0.2,0.2,0.03,-0.2,-0.2,Matches
2,Che Adams\Che-Adams,sct SCO,FWMF,Southampton,25-077,1996,4.2,0,7,3,42.9,1.66,0.71,0.00,0.00,17.4,0,0,0,0.6,0.6,0.08,-0.6,-0.6,Matches
3,Rayan Aït Nouri\Rayan-Ait-Nouri,fr FRA,FW,Wolves,20-114,2001,0.1,0,1,0,0.0,12.86,0.00,0.00,,20.6,0,0,0,0.0,0.0,0.03,0.0,0.0,Matches
4,Kristoffer Ajer\Kristoffer-Ajer,no NOR,DF,Brentford,23-164,1998,5.8,0,1,0,0.0,0.17,0.00,0.00,,9.9,0,0,0,0.1,0.1,0.08,-0.1,-0.1,Matches
5,Nathan Aké\Nathan-Ake,nl NED,DF,Manchester City,26-222,1995,2.0,0,1,0,0.0,0.50,0.00,0.00,,6.0,0,0,0,0.2,0.2,0.20,-0.2,-0.2,Matches
6,Marc Albrighton\Marc-Albrighton,eng ENG,MFFW,Leicester City,31-314,1989,2.0,1,1,1,100.0,0.50,0.50,1.00,1.00,17.2,0,0,0,0.0,0.0,0.04,+1.0,+1.0,Matches
7,Thiago Alcántara\Thiago-Alcantara,es ESP,MF,Liverpool,30-170,1991,2.0,0,5,1,20.0,2.54,0.51,0.00,0.00,18.0,0,0,0,0.4,0.4,0.08,-0.4,-0.4,Matches
8,Trent Alexander-Arnold\Trent-Alexander-Arnold,eng ENG,DF,Liverpool,22-356,1998,5.0,0,11,3,27.3,2.20,0.60,0.00,0.00,23.2,3,0,0,0.5,0.5,0.05,-0.5,-0.5,Matches
9,Alisson\Alisson,br BRA,GK,Liverpool,28-361,1992,6.0,0,0,0,,0.00,0.00,,,,0,0,0,0.0,0.0,,0.0,0.0,Matches
10,Allan\Allan,br BRA,MF,Everton,30-263,1991,5.8,0,1,1,100.0,0.17,0.17,0.00,0.00,20.9,0,0,0,0.0,0.0,0.02,0.0,0.0,Matches
11,Dele Alli\Dele-Alli,eng ENG,MF,Tottenham,25-170,1996,5.5,1,3,1,33.3,0.55,0.18,0.00,0.00,19.6,0,1,1,1.1,0.3,0.10,-0.1,-0.3,Matches
12,Miguel Almirón\Miguel-Almiron,py PAR,MF,Newcastle Utd,27-230,1994,5.5,0,7,1,14.3,1.26,0.18,0.00,0.00,19.6,0,0,0,0.6,0.6,0.08,-0.6,-0.6,Matches
13,Marcos Alonso\Marcos-Alonso,es ESP,DF,Chelsea,30-274,1990,5.9,1,10,3,30.0,1.68,0.50,0.10,0.33,17.8,3,0,0,0.8,0.8,0.08,+0.2,+0.2,Matches
14,Steven Alzate\Steven-Alzate,co COL,MF,Brighton,23-020,1998,1.0,0,0,0,,0.00,0.00,,,,0,0,0,0.0,0.0,,0.0,0.0,Matches
15,Daniel Amartey\Daniel-Amartey,gh GHA,DF,Leicester City,26-281,1994,3.0,0,0,0,,0.00,0.00,,,,0,0,0,0.0,0.0,,0.0,0.0,Matches
16,Joachim Andersen\Joachim-Andersen,dk DEN,DF,Crystal Palace,25-120,1996,5.4,0,1,0,0.0,0.19,0.00,0.00,,12.0,0,0,0,0.0,0.0,0.05,0.0,0.0,Matches
17,Michail Antonio\Michail-Antonio,jm JAM,FW,West Ham,31-184,1990,4.9,5,24,9,37.5,4.85,1.82,0.21,0.56,14.0,0,0,1,3.6,3.3,0.14,+1.4,+1.7,Matches
18,Cameron Archer\Cameron-Archer,eng ENG,MF,Aston Villa,20-069,2001,0.1,0,0,0,,0.00,0.00,,,,0,0,0,0.0,0.0,,0.0,0.0,Matches
19,Adam Armstrong\Adam-Armstrong,eng ENG,FW,Southampton,24-230,1997,5.8,1,19,6,31.6,3.27,1.03,0.05,0.17,17.8,0,0,0,1.6,1.6,0.08,-0.6,-0.6,Matches
20,Kepa Arrizabalaga\Kepa-Arrizabalaga,es ESP,GK,Chelsea,26-360,1994,1.0,0,0,0,,0.00,0.00,,,,0,0,0,0.0,0.0,,0.0,0.0,Matches
21,Pierre-Emerick Aubameyang\Pierre-Emerick-Aubameyang,ga GAB,FW,Arsenal,32-102,1989,4.0,2,13,5,38.5,3.27,1.26,0.15,0.40,16.1,0,0,0,1.6,1.6,0.13,+0.4,+0.4,Matches
22,Jordan Ayew\Jordan-Ayew,gh GHA,FWMF,Crystal Palace,30-017,1991,5.1,0,11,1,9.1,2.14,0.19,0.00,0.00,17.5,1,0,0,0.8,0.8,0.07,-0.8,-0.8,Matches
23,Luke Ayling\Luke-Ayling,eng ENG,DF,Leeds United,30-034,1991,5.0,1,4,1,25.0,0.80,0.20,0.25,1.00,19.2,0,0,0,0.2,0.2,0.05,+0.8,+0.8,Matches
24,César Azpilicueta\Cesar-Azpilicueta,es ESP,DF,Chelsea,32-031,1989,5.0,0,1,0,0.0,0.20,0.00,0.00,,22.0,0,0,0,0.0,0.0,0.02,0.0,0.0,Matches
25,Daniel Bachmann\Daniel-Bachmann,at AUT,GK,Watford,27-081,1994,4.0,0,0,0,,0.00,0.00,,,,0,0,0,0.0,0.0,,0.0,0.0,Matches
26,Leon Bailey\Leon-Bailey,jm JAM,MFFW,Aston Villa,24-050,1997,1.0,1,3,1,33.3,3.10,1.03,0.33,1.00,19.1,1,0,0,0.4,0.4,0.13,+0.6,+0.6,Matches
27,Folarin Balogun\Folarin-Balogun,eng ENG,FW,Arsenal,20-087,2001,0.8,0,3,0,0.0,3.86,0.00,0.00,,14.0,0,0,0,0.3,0.3,0.09,-0.3,-0.3,Matches
28,Patrick Bamford\Patrick-Bamford,eng ENG,FW,Leeds United,28-023,1993,4.8,1,15,4,26.7,3.10,0.83,0.07,0.25,13.5,0,0,0,3.0,3.0,0.20,-2.0,-2.0,Matches
29,Shandon Baptiste\Shandon-Baptiste,gd GRN,MF,Brentford,23-173,1998,1.8,0,1,0,0.0,0.56,0.00,0.00,,24.0,0,0,0,0.0,0.0,0.04,0.0,0.0,Matches
30,Ashley Barnes\Ashley-Barnes,eng ENG,FW,Burnley,31-333,1989,3.7,0,5,2,40.0,1.34,0.54,0.00,0.00,12.1,0,0,0,0.5,0.5,0.11,-0.5,-0.5,Matches
31,Harvey Barnes\Harvey-Barnes,eng ENG,FWMF,Leicester City,23-293,1997,5.0,0,11,3,27.3,2.19,0.60,0.00,0.00,17.1,0,0,0,0.8,0.8,0.08,-0.8,-0.8,Matches
32,Mads Bech Sørensen\Mads-Bech-Sorensen,dk DEN,DF,Brentford,22-264,1999,0.2,0,0,0,,0.00,0.00,,,,0,0,0,0.0,0.0,,0.0,0.0,Matches
33,Jan Bednarek\Jan-Bednarek,pl POL,DF,Southampton,25-169,1996,2.5,0,0,0,,0.00,0.00,,,,0,0,0,0.0,0.0,,0.0,0.0,Matches
34,Donny van de Beek\Donny-van-de-Beek,nl NED,MF,Manchester Utd,24-163,1997,0.1,0,0,0,,0.00,0.00,,,,0,0,0,0.0,0.0,,0.0,0.0,Matches
35,Asmir Begović\Asmir-Begovic,ba BIH,GK,Everton,34-100,1987,1.0,0,0,0,,0.00,0.00,,,,0,0,0,0.0,0.0,,0.0,0.0,Matches
36,Saïd Benrahma\Said-Benrahma,dz ALG,FWMF,West Ham,26-049,1995,5.6,3,15,6,40.0,2.68,1.07,0.20,0.50,21.1,1,0,0,1.4,1.4,0.09,+1.6,+1.6,Matches
37,Christian Benteke\Christian-Benteke,be BEL,FW,Crystal Palace,30-299,1990,4.2,0,8,0,0.0,1.89,0.00,0.00,,11.9,0,0,0,0.4,0.4,0.05,-0.4,-0.4,Matches
38,Jóhann Berg Guðmundsson\Johann-Berg-Gudmundsson,is ISL,MF,Burnley,30-336,1990,4.5,0,6,1,16.7,1.33,0.22,0.00,0.00,19.1,1,0,0,0.5,0.5,0.08,-0.5,-0.5,Matches
39,Steven Bergwijn\Steven-Bergwijn,nl NED,FW,Tottenham,23-355,1997,2.6,0,7,3,42.9,2.72,1.16,0.00,0.00,17.9,0,0,0,0.8,0.8,0.11,-0.8,-0.8,Matches
40,Ryan Bertrand\Ryan-Bertrand,eng ENG,DF,Leicester City,32-054,1989,2.7,0,0,0,,0.00,0.00,,,,0,0,0,0.0,0.0,,0.0,0.0,Matches
41,Mads Bidstrup\Mads-Bidstrup,dk DEN,MF,Brentford,20-215,2001,0.2,0,0,0,,0.00,0.00,,,,0,0,0,0.0,0.0,,0.0,0.0,Matches
42,Yves Bissouma\Yves-Bissouma,ml MLI,MF,Brighton,25-029,1996,4.9,0,3,0,0.0,0.62,0.00,0.00,,23.4,1,0,0,0.2,0.2,0.06,-0.2,-0.2,Matches
43,Jarrod Bowen\Jarrod-Bowen,eng ENG,FW,West Ham,24-282,1996,5.7,0,12,5,41.7,2.09,0.87,0.00,0.00,18.5,0,0,0,1.1,1.1,0.09,-1.1,-1.1,Matches
44,Armando Broja\Armando-Broja,al ALB,FWMF,Southampton,20-018,2001,1.0,0,3,0,0.0,3.10,0.00,0.00,,15.5,0,0,0,0.4,0.4,0.14,-0.4,-0.4,Matches
45,Josh Brownhill\Josh-Brownhill,eng ENG,MF,Burnley,25-283,1995,5.1,0,5,1,20.0,0.97,0.19,0.00,0.00,23.1,1,0,0,0.3,0.3,0.06,-0.3,-0.3,Matches
46,Bryan\Bryan,es ESP,FWMF,Tottenham,20-229,2001,0.6,0,0,0,,0.00,0.00,,,,0,0,0,0.0,0.0,,0.0,0.0,Matches
47,Emi Buendía\Emi-Buendia,ar ARG,MFFW,Aston Villa,24-277,1996,2.9,1,2,1,50.0,0.69,0.35,0.50,1.00,20.5,0,0,0,0.1,0.1,0.07,+0.9,+0.9,Matches
48,Dan Burn\Dan-Burn,eng ENG,DF,Brighton,29-142,1992,0.7,0,0,0,,0.00,0.00,,,,0,0,0,0.0,0.0,,0.0,0.0,Matches
49,Dominic Calvert-Lewin\Dominic-Calvert-Lewin,eng ENG,FW,Everton,24-196,1997,2.8,3,9,5,55.6,3.27,1.81,0.11,0.20,11.5,0,2,2,3.8,2.3,0.26,-0.8,-1.3,Matches
50,João Cancelo\Joao-Cancelo,pt POR,DF,Manchester City,27-124,1994,6.0,0,10,1,10.0,1.67,0.17,0.00,0.00,21.8,0,0,0,0.8,0.8,0.08,-0.8,-0.8,Matches
51,Sergi Canós\Sergi-Canos,es ESP,DF,Brentford,24-238,1997,5.4,1,5,2,40.0,0.92,0.37,0.20,0.50,18.4,0,0,0,0.3,0.3,0.06,+0.7,+0.7,Matches
52,Todd Cantwell\Todd-Cantwell,eng ENG,FWMF,Norwich City,23-213,1998,3.5,0,3,0,0.0,0.86,0.00,0.00,,32.3,0,0,0,0.1,0.1,0.05,-0.1,-0.1,Matches
53,Matty Cash\Matty-Cash,eng ENG,DF,Aston Villa,24-052,1997,5.9,1,5,1,20.0,0.84,0.17,0.20,1.00,19.6,0,0,0,0.3,0.3,0.06,+0.7,+0.7,Matches
54,Timothy Castagne\Timothy-Castagne,be BEL,DF,Leicester City,25-297,1995,2.6,0,0,0,,0.00,0.00,,,,0,0,0,0.0,0.0,,0.0,0.0,Matches
55,Craig Cathcart\Craig-Cathcart,nir NIR,DF,Watford,32-234,1989,4.3,0,1,0,0.0,0.23,0.00,0.00,,8.0,0,0,0,0.1,0.1,0.05,-0.1,-0.1,Matches
56,Edinson Cavani\Edinson-Cavani,uy URU,FW,Manchester Utd,34-226,1987,0.5,0,1,0,0.0,1.91,0.00,0.00,,12.1,0,0,0,0.0,0.0,0.04,0.0,0.0,Matches
57,Trevoh Chalobah\Trevoh-Chalobah,eng ENG,DF,Chelsea,22-085,1999,2.0,1,1,1,100.0,0.49,0.49,1.00,1.00,27.3,0,0,0,0.0,0.0,0.04,+1.0,+1.0,Matches
58,Calum Chambers\Calum-Chambers,eng ENG,DF,Arsenal,26-251,1995,1.9,0,2,0,0.0,1.06,0.00,0.00,,20.3,0,0,0,0.1,0.1,0.04,-0.1,-0.1,Matches
59,Andreas Christensen\Andreas-Christensen,dk DEN,DF,Chelsea,25-171,1996,5.0,0,1,0,0.0,0.20,0.00,0.00,,20.0,0,0,0,0.1,0.1,0.09,-0.1,-0.1,Matches
60,Carney Chukwuemeka\Carney-Chukwuemeka,eng ENG,MF,Aston Villa,17-264,2004,0.7,0,0,0,,0.00,0.00,,,,0,0,0,0.0,0.0,,0.0,0.0,Matches
61,Ciaran Clark\Ciaran-Clark,ie IRL,DF,Newcastle Utd,32-002,1989,3.9,0,5,0,0.0,1.27,0.00,0.00,,6.0,0,0,0,0.7,0.7,0.15,-0.7,-0.7,Matches
62,Tom Cleverley\Tom-Cleverley,eng ENG,MF,Watford,32-047,1989,3.5,0,3,1,33.3,0.86,0.29,0.00,0.00,27.7,0,0,0,0.2,0.2,0.05,-0.2,-0.2,Matches
63,Conor Coady\Conor-Coady,eng ENG,DF,Wolves,28-215,1993,6.0,0,3,0,0.0,0.50,0.00,0.00,,16.4,0,0,0,0.1,0.1,0.02,-0.1,-0.1,Matches
64,Séamus Coleman\Seamus-Coleman,ie IRL,DF,Everton,32-352,1988,4.0,0,1,0,0.0,0.25,0.00,0.00,,25.0,0,0,0,0.0,0.0,0.03,0.0,0.0,Matches
65,Aaron Connolly\Aaron-Connolly,ie IRL,FW,Brighton,21-243,2000,0.7,0,1,0,0.0,1.50,0.00,0.00,,9.0,0,0,0,0.4,0.4,0.42,-0.4,-0.4,Matches
66,Liam Cooper\Liam-Cooper,sct SCO,DF,Leeds United,30-029,1991,6.0,0,2,0,0.0,0.33,0.00,0.00,,13.4,0,0,0,0.1,0.1,0.03,-0.1,-0.1,Matches
67,Jack Cork\Jack-Cork,eng ENG,MF,Burnley,32-095,1989,1.9,0,3,0,0.0,1.55,0.00,0.00,,22.4,0,0,0,0.1,0.1,0.03,-0.1,-0.1,Matches
68,Maxwel Cornet\Maxwel-Cornet,ci CIV,MF,Burnley,25-001,1996,0.9,1,3,2,66.7,3.46,2.31,0.33,0.50,14.2,0,0,0,0.5,0.5,0.17,+0.5,+0.5,Matches
69,Hélder Costa\Helder-Costa,pt POR,MF,Leeds United,27-259,1994,0.2,0,1,0,0.0,4.09,0.00,0.00,,22.4,0,0,0,0.0,0.0,0.03,0.0,0.0,Matches
70,Vladimír Coufal\Vladimir-Coufal,cz CZE,DF,West Ham,29-037,1992,6.0,0,0,0,,0.00,0.00,,,,0,0,0,0.0,0.0,,0.0,0.0,Matches
71,Aaron Cresswell\Aaron-Cresswell,eng ENG,DF,West Ham,31-287,1989,6.0,1,7,2,28.6,1.17,0.33,0.14,0.50,21.6,3,0,0,0.3,0.3,0.04,+0.7,+0.7,Matches
72,Charlie Cresswell\Charlie-Cresswell,eng ENG,DF,Leeds United,18-295,2002,1.0,0,0,0,,0.00,0.00,,,,0,0,0,0.0,0.0,,0.0,0.0,Matches
73,Cucho\Cucho,co COL,FWMF,Watford,22-161,1999,1.5,1,4,2,50.0,2.69,1.34,0.25,0.50,20.2,0,0,0,0.1,0.1,0.03,+0.9,+0.9,Matches
74,Marc Cucurella\Marc-Cucurella,es ESP,DF,Brighton,23-068,1998,2.9,0,0,0,,0.00,0.00,,,,0,0,0,0.0,0.0,,0.0,0.0,Matches
75,Patson Daka\Patson-Daka,zm ZAM,MFFW,Leicester City,22-354,1998,0.3,0,0,0,,0.00,0.00,,,,0,0,0,0.0,0.0,,0.0,0.0,Matches
76,Stuart Dallas\Stuart-Dallas,nir NIR,DFMF,Leeds United,30-162,1991,6.0,0,5,1,20.0,0.83,0.17,0.00,0.00,23.2,0,0,0,0.2,0.2,0.04,-0.2,-0.2,Matches
77,Diogo Dalot\Diogo-Dalot,pt POR,DFFW,Manchester Utd,22-194,1999,0.6,0,0,0,,0.00,0.00,,,,0,0,0,0.0,0.0,,0.0,0.0,Matches
78,Karl Darlow\Karl-Darlow,eng ENG,GK,Newcastle Utd,30-355,1990,2.0,0,0,0,,0.00,0.00,,,,0,0,0,0.0,0.0,,0.0,0.0,Matches
79,Ben Davies\Ben-Davies,wls WAL,DF,Tottenham,28-157,1993,0.3,0,0,0,,0.00,0.00,,,,0,0,0,0.0,0.0,,0.0,0.0,Matches
80,Tom Davies\Tom-Davies,eng ENG,MF,Everton,23-090,1998,0.2,0,2,0,0.0,10.00,0.00,0.00,,24.0,0,0,0,0.1,0.1,0.03,-0.1,-0.1,Matches
81,Craig Dawson\Craig-Dawson,eng ENG,DF,West Ham,31-145,1990,4.0,0,7,1,14.3,1.75,0.25,0.00,0.00,6.3,0,0,0,0.5,0.5,0.08,-0.5,-0.5,Matches
82,Kevin De Bruyne\Kevin-De-Bruyne,be BEL,MF,Manchester City,30-092,1991,1.3,0,6,1,16.7,4.58,0.76,0.00,0.00,21.5,0,0,0,0.3,0.3,0.05,-0.3,-0.3,Matches
83,Troy Deeney\Troy-Deeney,eng ENG,FW,Watford,33-091,1988,0.3,0,2,0,0.0,7.20,0.00,0.00,,9.0,0,0,0,0.4,0.4,0.20,-0.4,-0.4,Matches
84,Fabian Delph\Fabian-Delph,eng ENG,MF,Everton,31-311,1989,0.1,0,0,0,,0.00,0.00,,,,0,0,0,0.0,0.0,,0.0,0.0,Matches
85,Leander Dendoncker\Leander-Dendoncker,be BEL,MF,Wolves,26-166,1995,1.5,0,2,0,0.0,1.34,0.00,0.00,,13.0,0,0,0,0.1,0.1,0.07,-0.1,-0.1,Matches
86,Emmanuel Dennis\Emmanuel-Dennis,ng NGA,FWMF,Watford,23-317,1997,5.3,2,16,7,43.8,2.99,1.31,0.13,0.29,14.5,1,0,0,1.8,1.8,0.11,+0.2,+0.2,Matches
87,Kiernan Dewsbury Hall\Kiernan-Dewsbury-Hall,eng ENG,MF,Leicester City,23-022,1998,0.1,0,0,0,,0.00,0.00,,,,0,0,0,0.0,0.0,,0.0,0.0,Matches
88,Ibrahima Diallo\Ibrahima-Diallo,fr FRA,MF,Southampton,22-204,1999,0.8,0,2,0,0.0,2.47,0.00,0.00,,6.1,0,0,0,0.3,0.3,0.14,-0.3,-0.3,Matches
89,Raphael Dias Belloli\Raphael-Dias-Belloli,br BRA,MFFW,Leeds United,24-288,1996,5.5,3,19,7,36.8,3.46,1.28,0.16,0.43,20.8,0,0,0,1.8,1.8,0.10,+1.2,+1.2,Matches
90,Rúben Dias\Ruben-Dias,pt POR,DF,Manchester City,24-137,1997,6.0,0,2,0,0.0,0.33,0.00,0.00,,5.9,0,0,0,0.1,0.1,0.07,-0.1,-0.1,Matches
91,Eric Dier\Eric-Dier,eng ENG,DF,Tottenham,27-256,1994,5.1,0,2,2,100.0,0.39,0.39,0.00,0.00,18.4,1,0,0,0.1,0.1,0.06,-0.1,-0.1,Matches
92,Lucas Digne\Lucas-Digne,fr FRA,DF,Everton,28-070,1993,6.0,0,4,0,0.0,0.67,0.00,0.00,,25.6,2,0,0,0.2,0.2,0.05,-0.2,-0.2,Matches
93,Virgil van Dijk\Virgil-van-Dijk,nl NED,DF,Liverpool,30-082,1991,6.0,0,11,1,9.1,1.83,0.17,0.00,0.00,12.3,0,0,0,1.0,1.0,0.09,-1.0,-1.0,Matches
94,Moussa Djenepo\Moussa-Djenepo,ml MLI,MF,Southampton,23-105,1998,3.7,0,7,0,0.0,1.89,0.00,0.00,,13.9,0,0,0,1.4,1.4,0.20,-1.4,-1.4,Matches
95,Lewis Dobbin\Lewis-Dobbin,eng ENG,MF,Everton,18-268,2003,0.0,0,0,0,,0.00,0.00,,,,0,0,0,0.0,0.0,,0.0,0.0,Matches
96,Matt Doherty\Matt-Doherty,ie IRL,DF,Tottenham,29-255,1992,0.1,0,0,0,,0.00,0.00,,,,0,0,0,0.0,0.0,,0.0,0.0,Matches
97,Gabriel Dos Santos\Gabriel-Dos-Santos,br BRA,DF,Arsenal,23-283,1997,3.0,0,3,0,0.0,1.00,0.00,0.00,,9.2,0,0,0,0.1,0.1,0.03,-0.1,-0.1,Matches
98,Abdoulaye Doucouré\Abdoulaye-Doucoure,fr FRA,MF,Everton,28-270,1993,6.0,2,10,5,50.0,1.67,0.83,0.20,0.40,18.2,0,0,0,0.9,0.9,0.09,+1.1,+1.1,Matches
99,Kieran Dowell\Kieran-Dowell,eng ENG,FW,Norwich City,23-353,1997,0.7,0,1,0,0.0,1.36,0.00,0.00,,25.0,1,0,0,0.1,0.1,0.08,-0.1,-0.1,Matches
100,Shane Duffy\Shane-Duffy,ie IRL,DF,Brighton,29-270,1992,6.0,1,10,3,30.0,1.67,0.50,0.10,0.33,9.1,0,0,0,0.4,0.4,0.04,+0.6,+0.6,Matches
101,Lewis Dunk\Lewis-Dunk,eng ENG,DF,Brighton,29-311,1991,6.0,0,1,1,100.0,0.17,0.17,0.00,0.00,12.0,0,0,0,0.0,0.0,0.03,0.0,0.0,Matches
102,Ederson\Ederson,br BRA,GK,Manchester City,28-042,1993,6.0,0,0,0,,0.00,0.00,,,,0,0,0,0.0,0.0,,0.0,0.0,Matches
103,Odsonne Édouard\Odsonne-Edouard,fr FRA,FW,Crystal Palace,23-255,1998,1.2,2,5,4,80.0,4.33,3.46,0.40,0.50,15.3,0,0,0,0.9,0.9,0.18,+1.1,+1.1,Matches
104,Harvey Elliott\Harvey-Elliott,eng ENG,MF,Liverpool,18-177,2003,2.8,0,7,1,14.3,2.52,0.36,0.00,0.00,16.3,0,0,0,0.7,0.7,0.11,-0.7,-0.7,Matches
105,Mohamed Elneny\Mohamed-Elneny,eg EGY,MFFW,Arsenal,29-079,1992,0.5,0,0,0,,0.00,0.00,,,,0,0,0,0.0,0.0,,0.0,0.0,Matches
106,Mohamed Elyounoussi\Mohamed-Elyounoussi,no NOR,MF,Southampton,27-055,1994,4.0,1,12,6,50.0,3.00,1.50,0.08,0.17,16.0,0,0,0,1.3,1.3,0.14,-0.3,-0.3,Matches
107,Emerson\Emerson,br BRA,DF,Tottenham,22-257,1999,2.5,0,0,0,,0.00,0.00,,,,0,0,0,0.0,0.0,,0.0,0.0,Matches
108,Oghenekaro Etebo\Oghenekaro-Etebo,ng NGA,MF,Watford,25-323,1995,4.1,0,3,0,0.0,0.73,0.00,0.00,,30.6,0,0,0,0.0,0.0,0.02,0.0,0.0,Matches
109,Jonny Evans\Jonny-Evans,nir NIR,DF,Leicester City,33-268,1988,0.3,0,0,0,,0.00,0.00,,,,0,0,0,0.0,0.0,,0.0,0.0,Matches
110,Łukasz Fabiański\Lukasz-Fabianski,pl POL,GK,West Ham,36-163,1985,6.0,0,0,0,,0.00,0.00,,,,0,0,0,0.0,0.0,,0.0,0.0,Matches
111,Fabinho\Fabinho,br BRA,MF,Liverpool,27-340,1993,4.3,1,7,2,28.6,1.62,0.46,0.14,0.50,17.9,0,0,0,0.4,0.4,0.06,+0.6,+0.6,Matches
112,Kiko Femenía\Kiko-Femenia,es ESP,DF,Watford,30-238,1991,1.4,0,0,0,,0.00,0.00,,,,0,0,0,0.0,0.0,,0.0,0.0,Matches
113,Bruno Fernandes\Bruno-Fernandes,pt POR,MF,Manchester Utd,27-020,1994,5.9,4,22,7,31.8,3.71,1.18,0.18,0.57,24.4,3,0,1,2.3,1.5,0.07,+1.7,+2.5,Matches
114,Federico Fernández\Federico-Fernandez,ar ARG,DF,Newcastle Utd,32-219,1989,3.9,0,4,1,25.0,1.04,0.26,0.00,0.00,8.5,0,0,0,0.4,0.4,0.09,-0.4,-0.4,Matches
115,Fernandinho\Fernandinho,br BRA,MF,Manchester City,36-147,1985,1.8,0,5,0,0.0,2.73,0.00,0.00,,20.2,0,0,0,0.5,0.5,0.09,-0.5,-0.5,Matches
116,Roberto Firmino\Roberto-Firmino,br BRA,FW,Liverpool,29-361,1991,1.2,1,2,2,100.0,1.71,1.71,0.50,0.50,13.5,0,0,0,0.8,0.8,0.38,+0.2,+0.2,Matches
117,Junior Firpo\Junior-Firpo,es ESP,DF,Leeds United,25-037,1996,4.2,0,3,0,0.0,0.72,0.00,0.00,,17.2,0,0,0,0.2,0.2,0.06,-0.2,-0.2,Matches
118,Phil Foden\Phil-Foden,eng ENG,FWMF,Manchester City,21-123,2000,1.2,0,1,1,100.0,0.86,0.86,0.00,0.00,7.6,0,0,0,0.1,0.1,0.10,-0.1,-0.1,Matches
119,Pablo Fornals\Pablo-Fornals,es ESP,MFFW,West Ham,25-218,1996,5.8,2,9,4,44.4,1.55,0.69,0.22,0.50,16.4,0,0,0,1.4,1.4,0.16,+0.6,+0.6,Matches
120,Marcus Forss\Marcus-Forss,fi FIN,FW,Brentford,22-102,1999,0.1,0,0,0,,0.00,0.00,,,,0,0,0,0.0,0.0,,0.0,0.0,Matches
121,Ben Foster\Ben-Foster,eng ENG,GK,Watford,38-178,1983,2.0,0,0,0,,0.00,0.00,,,,0,0,0,0.0,0.0,,0.0,0.0,Matches
122,Ryan Fraser\Ryan-Fraser,sct SCO,MF,Newcastle Utd,27-216,1994,0.6,0,4,0,0.0,6.21,0.00,0.00,,17.5,0,0,0,0.4,0.4,0.10,-0.4,-0.4,Matches
123,Fred\Fred,br BRA,MF,Manchester Utd,28-207,1993,4.8,1,3,2,66.7,0.62,0.42,0.33,0.50,21.6,0,0,0,0.2,0.2,0.07,+0.8,+0.8,Matches
124,Ryan Fredericks\Ryan-Fredericks,eng ENG,DF,West Ham,28-353,1992,0.0,0,0,0,,0.00,0.00,,,,0,0,0,0.0,0.0,,0.0,0.0,Matches
125,Conor Gallagher\Conor-Gallagher,eng ENG,MF,Crystal Palace,21-234,2000,5.0,2,11,4,36.4,2.20,0.80,0.18,0.50,13.9,1,0,0,1.3,1.3,0.13,+0.7,+0.7,Matches
126,Dwight Gayle\Dwight-Gayle,eng ENG,FW,Newcastle Utd,30-346,1990,0.1,0,0,0,,0.00,0.00,,,,0,0,0,0.0,0.0,,0.0,0.0,Matches
127,David de Gea\David-de-Gea,es ESP,GK,Manchester Utd,30-325,1990,6.0,0,0,0,,0.00,0.00,,,,0,0,0,0.0,0.0,,0.0,0.0,Matches
128,Anwar El Ghazi\Anwar-El-Ghazi,nl NED,FWMF,Aston Villa,26-148,1995,2.7,1,3,0,0.0,1.13,0.00,0.00,,26.7,0,1,1,0.9,0.1,0.03,+0.1,-0.1,Matches
129,Saman Ghoddos\Saman-Ghoddos,ir IRN,MF,Brentford,28-022,1993,1.0,0,2,0,0.0,2.09,0.00,0.00,,20.0,0,0,0,0.1,0.1,0.03,-0.1,-0.1,Matches
130,Dimitris Giannoulis\Dimitris-Giannoulis,gr GRE,DF,Norwich City,25-346,1995,1.6,0,1,1,100.0,0.64,0.64,0.00,0.00,20.5,0,0,0,0.0,0.0,0.03,0.0,0.0,Matches
131,Morgan Gibbs-White\Morgan-Gibbs-White,eng ENG,FWMF,Wolves,21-244,2000,0.1,0,2,0,0.0,20.00,0.00,0.00,,16.2,0,0,0,0.1,0.1,0.06,-0.1,-0.1,Matches
132,Ben Gibson\Ben-Gibson,eng ENG,DF,Norwich City,28-256,1993,4.0,0,3,1,33.3,0.75,0.25,0.00,0.00,5.7,0,0,0,0.9,0.9,0.29,-0.9,-0.9,Matches
133,Billy Gilmour\Billy-Gilmour,sct SCO,MF,Norwich City,20-109,2001,3.9,0,1,0,0.0,0.26,0.00,0.00,,21.0,0,0,0,0.1,0.1,0.08,-0.1,-0.1,Matches
134,Ben Godfrey\Ben-Godfrey,eng ENG,DF,Everton,23-256,1998,2.5,0,3,1,33.3,1.18,0.39,0.00,0.00,13.7,0,0,0,0.6,0.6,0.21,-0.6,-0.6,Matches
135,André Gomes\Andre-Gomes,pt POR,MF,Everton,28-060,1993,0.8,0,5,1,20.0,6.62,1.32,0.00,0.00,19.2,0,0,0,0.4,0.4,0.07,-0.4,-0.4,Matches
136,Joe Gomez\Joe-Gomez,eng ENG,DF,Liverpool,24-128,1997,0.0,0,0,0,,0.00,0.00,,,,0,0,0,0.0,0.0,,0.0,0.0,Matches
137,Anthony Gordon\Anthony-Gordon,eng ENG,MF,Everton,20-216,2001,0.4,0,0,0,,0.00,0.00,,,,0,0,0,0.0,0.0,,0.0,0.0,Matches
138,Dan Gosling\Dan-Gosling,eng ENG,MF,Watford,31-239,1990,0.2,0,0,0,,0.00,0.00,,,,0,0,0,0.0,0.0,,0.0,0.0,Matches
139,Demarai Gray\Demarai-Gray,eng ENG,MF,Everton,25-092,1996,5.6,3,11,3,27.3,1.97,0.54,0.27,1.00,20.5,0,0,0,1.1,1.1,0.10,+1.9,+1.9,Matches
140,Jack Grealish\Jack-Grealish,eng ENG,FWMF,Manchester City,26-018,1995,5.8,1,11,5,45.5,1.90,0.87,0.09,0.20,15.9,0,0,0,1.7,1.7,0.15,-0.7,-0.7,Matches
141,Mason Greenwood\Mason-Greenwood,eng ENG,FW,Manchester Utd,19-362,2001,5.7,3,21,7,33.3,3.67,1.22,0.14,0.43,17.8,0,0,0,1.6,1.6,0.08,+1.4,+1.4,Matches
142,Pascal Groß\Pascal-Gross,de GER,DFMF,Brighton,30-105,1991,4.0,0,4,2,50.0,1.00,0.50,0.00,0.00,21.8,1,0,0,0.3,0.3,0.06,-0.3,-0.3,Matches
143,Vicente Guaita\Vicente-Guaita,es ESP,GK,Crystal Palace,34-261,1987,6.0,0,0,0,,0.00,0.00,,,,0,0,0,0.0,0.0,,0.0,0.0,Matches
144,Marc Guéhi\Marc-Guehi,eng ENG,DF,Crystal Palace,21-077,2000,6.0,0,2,0,0.0,0.33,0.00,0.00,,5.0,0,0,0,0.3,0.3,0.17,-0.3,-0.3,Matches
145,İlkay Gündoğan\Ilkay-Gundogan,de GER,MF,Manchester City,30-339,1990,4.8,1,13,2,15.4,2.73,0.42,0.08,0.50,15.7,2,0,0,1.4,1.4,0.11,-0.4,-0.4,Matches
146,Grant Hanley\Grant-Hanley,sct SCO,DF,Norwich City,29-312,1991,6.0,0,1,0,0.0,0.17,0.00,0.00,,5.0,0,0,0,0.4,0.4,0.35,-0.4,-0.4,Matches
147,Jack Harrison\Jack-Harrison,eng ENG,MFFW,Leeds United,24-312,1996,4.0,0,4,1,25.0,1.00,0.25,0.00,0.00,19.7,0,0,0,0.2,0.2,0.05,-0.2,-0.2,Matches
148,Kortney Hause\Kortney-Hause,eng ENG,DF,Aston Villa,26-074,1995,1.0,1,1,1,100.0,0.98,0.98,1.00,1.00,5.8,0,0,0,0.1,0.1,0.07,+0.9,+0.9,Matches
149,Kai Havertz\Kai-Havertz,de GER,FWMF,Chelsea,22-109,1999,3.4,1,10,2,20.0,2.94,0.59,0.10,0.50,14.0,0,0,0,0.9,0.9,0.09,+0.1,+0.1,Matches
150,Isaac Hayden\Isaac-Hayden,eng ENG,MFDF,Newcastle Utd,26-190,1995,4.5,0,1,0,0.0,0.22,0.00,0.00,,26.4,0,0,0,0.0,0.0,0.03,0.0,0.0,Matches
151,Hwang Hee-chan\Hwang-Hee-chan,kr KOR,FWMF,Wolves,25-245,1996,1.8,1,3,1,33.3,1.69,0.56,0.33,1.00,9.5,0,0,0,1.0,1.0,0.32,0.0,0.0,Matches
152,Jordan Henderson\Jordan-Henderson,eng ENG,MF,Liverpool,31-103,1990,4.1,0,6,2,33.3,1.47,0.49,0.00,0.00,24.3,0,0,0,0.5,0.5,0.09,-0.5,-0.5,Matches
153,Jeff Hendrick\Jeff-Hendrick,ie IRL,MF,Newcastle Utd,29-240,1992,0.1,0,0,0,,0.00,0.00,,,,0,0,0,0.0,0.0,,0.0,0.0,Matches
154,Rico Henry\Rico-Henry,eng ENG,DF,Brentford,24-082,1997,5.8,0,2,0,0.0,0.34,0.00,0.00,,19.0,0,0,0,0.2,0.2,0.12,-0.2,-0.2,Matches
155,Son Heung-min\Son-Heung-min,kr KOR,FW,Tottenham,29-082,1992,4.8,3,14,7,50.0,2.94,1.47,0.21,0.43,19.2,1,0,0,1.2,1.2,0.09,+1.8,+1.8,Matches
156,Ki-Jana Hoever\Ki-Jana-Hoever,nl NED,DF,Wolves,19-253,2002,1.0,0,1,0,0.0,0.96,0.00,0.00,,22.2,0,0,0,0.0,0.0,0.02,0.0,0.0,Matches
157,Rob Holding\Rob-Holding,eng ENG,DFMF,Arsenal,26-008,1995,2.0,0,1,0,0.0,0.50,0.00,0.00,,6.0,0,0,0,0.1,0.1,0.11,-0.1,-0.1,Matches
158,Mason Holgate\Mason-Holgate,eng ENG,DF,Everton,24-341,1996,2.0,0,0,0,,0.00,0.00,,,,0,0,0,0.0,0.0,,0.0,0.0,Matches
159,Callum Hudson-Odoi\Callum-Hudson-Odoi,eng ENG,DFMF,Chelsea,20-325,2000,0.9,0,1,0,0.0,1.11,0.00,0.00,,22.2,0,0,0,0.0,0.0,0.03,0.0,0.0,Matches
160,Pierre Højbjerg\Pierre-Hojbjerg,dk DEN,MF,Tottenham,26-054,1995,6.0,0,3,1,33.3,0.50,0.17,0.00,0.00,26.1,1,0,0,0.2,0.2,0.06,-0.2,-0.2,Matches
161,Adam Idah\Adam-Idah,ie IRL,FW,Norwich City,20-201,2001,0.4,0,2,1,50.0,4.50,2.25,0.00,0.00,5.5,0,0,0,0.5,0.5,0.27,-0.5,-0.5,Matches
162,Kelechi Iheanacho\Kelechi-Iheanacho,ng NGA,MFFW,Leicester City,24-360,1996,1.3,0,5,0,0.0,3.88,0.00,0.00,,15.8,0,0,0,0.4,0.4,0.08,-0.4,-0.4,Matches
163,Danny Ings\Danny-Ings,eng ENG,FW,Aston Villa,29-067,1992,5.6,2,5,2,40.0,0.89,0.36,0.20,0.50,12.6,0,1,1,1.3,0.5,0.10,+0.7,+0.5,Matches
164,Alex Iwobi\Alex-Iwobi,ng NGA,MFFW,Everton,25-148,1996,3.2,0,6,1,16.7,1.88,0.31,0.00,0.00,15.9,0,0,0,0.4,0.4,0.06,-0.4,-0.4,Matches
165,Daniel James\Daniel-James,wls WAL,MF,Leeds United,23-322,1997,1.4,0,3,0,0.0,2.11,0.00,0.00,,9.9,0,0,0,0.2,0.2,0.08,-0.2,-0.2,Matches
166,Daniel James\Daniel-James,wls WAL,FW,Manchester Utd,23-322,1997,1.4,0,4,1,25.0,2.86,0.71,0.00,0.00,17.3,0,0,0,0.2,0.2,0.06,-0.2,-0.2,Matches
167,Reece James\Reece-James,eng ENG,DFMF,Chelsea,21-294,1999,2.1,1,4,1,25.0,1.94,0.48,0.25,1.00,16.6,0,0,0,0.5,0.5,0.11,+0.5,+0.5,Matches
168,Vitaly Janelt\Vitaly-Janelt,de GER,MF,Brentford,23-141,1998,5.7,1,6,3,50.0,1.06,0.53,0.17,0.33,15.3,0,0,0,1.0,1.0,0.17,0.0,0.0,Matches
169,Pontus Jansson\Pontus-Jansson,se SWE,DF,Brentford,30-227,1991,5.9,0,1,0,0.0,0.17,0.00,0.00,,5.8,0,0,0,0.2,0.2,0.18,-0.2,-0.2,Matches
170,Mathias Jensen\Mathias-Jensen,dk DEN,MFFW,Brentford,25-270,1996,0.4,0,0,0,,0.00,0.00,,,,0,0,0,0.0,0.0,,0.0,0.0,Matches
171,Gabriel Jesus\Gabriel-Jesus,br BRA,FW,Manchester City,24-178,1997,4.6,2,10,4,40.0,2.20,0.88,0.20,0.50,12.0,0,0,0,1.9,1.9,0.19,+0.1,+0.1,Matches
172,Raúl Jiménez\Raul-Jimenez,mx MEX,FW,Wolves,30-146,1991,6.0,1,16,3,18.8,2.67,0.50,0.06,0.33,12.9,0,0,0,1.8,1.8,0.12,-0.8,-0.8,Matches
173,Joelinton\Joelinton,br BRA,MFFW,Newcastle Utd,25-045,1996,3.4,0,7,4,57.1,2.03,1.16,0.00,0.00,13.1,0,0,0,0.8,0.8,0.11,-0.8,-0.8,Matches
174,Ben Johnson\Ben-Johnson,eng ENG,FW,West Ham,21-247,2000,0.0,0,0,0,,0.00,0.00,,,,0,0,0,0.0,0.0,,0.0,0.0,Matches
175,Curtis Jones\Curtis-Jones,eng ENG,MFFW,Liverpool,20-241,2001,0.9,1,5,1,20.0,5.49,1.10,0.20,1.00,21.2,0,0,0,0.2,0.2,0.05,+0.8,+0.8,Matches
176,Jorginho\Jorginho,it ITA,MF,Chelsea,29-282,1991,5.3,0,0,0,,0.00,0.00,,,,0,0,0,0.0,0.0,,0.0,0.0,Matches
177,Diogo Jota\Diogo-Jota,pt POR,FW,Liverpool,24-298,1996,4.8,3,17,7,41.2,3.53,1.45,0.18,0.43,11.1,0,0,0,3.3,3.3,0.19,-0.3,-0.3,Matches
178,Mathias Jørgensen\Mathias-Jorgensen,dk DEN,DF,Brentford,31-158,1990,0.6,0,0,0,,0.00,0.00,,,,0,0,0,0.0,0.0,,0.0,0.0,Matches
179,Ozan Kabak\Ozan-Kabak,tr TUR,DF,Norwich City,21-187,2000,1.8,0,0,0,,0.00,0.00,,,,0,0,0,0.0,0.0,,0.0,0.0,Matches
180,Christian Kabasele\Christian-Kabasele,be BEL,DF,Watford,30-216,1991,2.0,0,1,0,0.0,0.50,0.00,0.00,,6.0,0,0,0,0.2,0.2,0.22,-0.2,-0.2,Matches
181,Harry Kane\Harry-Kane,eng ENG,FWMF,Tottenham,28-062,1993,4.2,0,9,4,44.4,2.14,0.95,0.00,0.00,17.2,1,0,0,1.1,1.1,0.12,-1.1,-1.1,Matches
182,N'Golo Kanté\NGolo-Kante,fr FRA,MF,Chelsea,30-183,1991,1.9,1,1,1,100.0,0.54,0.54,1.00,1.00,28.0,0,0,0,0.0,0.0,0.02,+1.0,+1.0,Matches
183,Moise Kean\Moise-Kean,it ITA,FW,Everton,21-212,2000,0.0,0,0,0,,0.00,0.00,,,,0,0,0,0.0,0.0,,0.0,0.0,Matches
184,Michael Keane\Michael-Keane,eng ENG,DF,Everton,28-260,1993,6.0,1,6,2,33.3,1.00,0.33,0.17,0.50,8.5,0,0,0,0.5,0.5,0.09,+0.5,+0.5,Matches
185,Naby Keïta\Naby-Keita,gn GUI,MF,Liverpool,26-230,1995,2.1,1,3,2,66.7,1.41,0.94,0.33,0.50,24.2,0,0,0,0.1,0.1,0.03,+0.9,+0.9,Matches
186,Jonjoe Kenny\Jonjoe-Kenny,eng ENG,DF,Everton,24-197,1997,0.1,0,0,0,,0.00,0.00,,,,0,0,0,0.0,0.0,,0.0,0.0,Matches
187,Max Kilman\Max-Kilman,eng ENG,DF,Wolves,24-128,1997,6.0,0,2,1,50.0,0.33,0.17,0.00,0.00,7.9,0,0,0,0.1,0.1,0.06,-0.1,-0.1,Matches
188,Joshua King\Joshua-King,no NOR,FW,Watford,29-256,1992,3.6,0,5,2,40.0,1.40,0.56,0.00,0.00,15.2,0,0,0,0.7,0.7,0.14,-0.7,-0.7,Matches
189,Mateusz Klich\Mateusz-Klich,pl POL,MF,Leeds United,31-107,1990,3.7,1,12,7,58.3,3.28,1.91,0.08,0.14,20.7,0,0,0,1.1,1.1,0.09,-0.1,-0.1,Matches
190,Robin Koch\Robin-Koch,de GER,MF,Leeds United,25-073,1996,1.0,0,0,0,,0.00,0.00,,,,0,0,0,0.0,0.0,,0.0,0.0,Matches
191,Sead Kolašinac\Sead-Kolasinac,ba BIH,DF,Arsenal,28-100,1993,1.0,0,0,0,,0.00,0.00,,,,0,0,0,0.0,0.0,,0.0,0.0,Matches
192,Ibrahima Konaté\Ibrahima-Konate,fr FRA,DF,Liverpool,22-126,1999,1.0,0,0,0,,0.00,0.00,,,,0,0,0,0.0,0.0,,0.0,0.0,Matches
193,Ezri Konsa\Ezri-Konsa,eng ENG,DF,Aston Villa,23-340,1997,6.0,0,5,2,40.0,0.84,0.33,0.00,0.00,7.2,0,0,0,0.7,0.7,0.15,-0.7,-0.7,Matches
194,Cheikhou Kouyaté\Cheikhou-Kouyate,sn SEN,MFDF,Crystal Palace,31-281,1989,4.8,0,1,0,0.0,0.21,0.00,0.00,,15.0,0,0,0,0.1,0.1,0.12,-0.1,-0.1,Matches
195,Mateo Kovačić\Mateo-Kovacic,hr CRO,MF,Chelsea,27-145,1994,5.3,1,9,3,33.3,1.70,0.57,0.11,0.33,18.0,0,0,0,1.0,1.0,0.11,0.0,0.0,Matches
196,Emil Krafth\Emil-Krafth,se SWE,DF,Newcastle Utd,27-057,1994,1.0,0,1,0,0.0,0.97,0.00,0.00,,13.6,0,0,0,0.1,0.1,0.06,-0.1,-0.1,Matches
197,Tim Krul\Tim-Krul,nl NED,GK,Norwich City,33-178,1988,6.0,0,0,0,,0.00,0.00,,,,0,0,0,0.0,0.0,,0.0,0.0,Matches
198,Juraj Kucka\Juraj-Kucka,sk SVK,MF,Watford,34-214,1987,4.5,0,8,0,0.0,1.80,0.00,0.00,,21.1,1,0,0,0.6,0.6,0.07,-0.6,-0.6,Matches
199,Alexandre Lacazette\Alexandre-Lacazette,fr FRA,FW,Arsenal,30-123,1991,0.4,0,0,0,,0.00,0.00,,,,0,0,0,0.0,0.0,,0.0,0.0,Matches
200,Adam Lallana\Adam-Lallana,eng ENG,MF,Brighton,33-141,1988,5.0,0,5,0,0.0,1.00,0.00,0.00,,17.0,0,0,0,0.2,0.2,0.04,-0.2,-0.2,Matches
201,Manuel Lanzini\Manuel-Lanzini,ar ARG,FW,West Ham,28-225,1993,0.2,0,0,0,,0.00,0.00,,,,0,0,0,0.0,0.0,,0.0,0.0,Matches
202,Aymeric Laporte\Aymeric-Laporte,es ESP,DF,Manchester City,27-124,1994,4.0,1,10,1,10.0,2.50,0.25,0.10,1.00,9.4,0,0,0,1.0,1.0,0.10,0.0,0.0,Matches
203,Jamaal Lascelles\Jamaal-Lascelles,eng ENG,DF,Newcastle Utd,27-321,1993,4.0,0,4,1,25.0,1.00,0.25,0.00,0.00,8.8,0,0,0,0.1,0.1,0.03,-0.1,-0.1,Matches
204,Pierre Lees-Melou\Pierre-Lees-Melou,fr FRA,MF,Norwich City,28-126,1993,4.8,0,4,1,25.0,0.83,0.21,0.00,0.00,20.8,0,0,0,0.2,0.2,0.06,-0.2,-0.2,Matches
205,Aaron Lennon\Aaron-Lennon,eng ENG,MF,Burnley,34-165,1987,0.5,0,1,0,0.0,1.91,0.00,0.00,,53.3,0,0,0,0.1,0.1,0.09,-0.1,-0.1,Matches
206,Bernd Leno\Bernd-Leno,de GER,GK,Arsenal,29-208,1992,3.0,0,0,0,,0.00,0.00,,,,0,0,0,0.0,0.0,,0.0,0.0,Matches
207,Jamal Lewis\Jamal-Lewis,nir NIR,DF,Newcastle Utd,23-246,1998,0.1,0,0,0,,0.00,0.00,,,,0,0,0,0.0,0.0,,0.0,0.0,Matches
208,Victor Lindelöf\Victor-Lindelof,se SWE,DF,Manchester Utd,27-073,1994,2.3,0,0,0,,0.00,0.00,,,,0,0,0,0.0,0.0,,0.0,0.0,Matches
209,Jesse Lingard\Jesse-Lingard,eng ENG,FW,Manchester Utd,28-287,1992,0.5,2,2,2,100.0,3.75,3.75,1.00,1.00,15.3,0,0,0,0.2,0.2,0.11,+1.8,+1.8,Matches
210,Valentino Livramento\Valentino-Livramento,eng ENG,DF,Southampton,18-320,2002,5.9,0,2,1,50.0,0.34,0.17,0.00,0.00,20.7,0,0,0,0.1,0.1,0.03,-0.1,-0.1,Matches
211,Diego Llorente\Diego-Llorente,es ESP,DF,Leeds United,28-043,1993,1.1,0,0,0,,0.00,0.00,,,,0,0,0,0.0,0.0,,0.0,0.0,Matches
212,Hugo Lloris\Hugo-Lloris,fr FRA,GK,Tottenham,34-276,1986,6.0,0,0,0,,0.00,0.00,,,,0,0,0,0.0,0.0,,0.0,0.0,Matches
213,Giovani Lo Celso\Giovani-Lo-Celso,ar ARG,MFFW,Tottenham,25-172,1996,1.1,0,3,0,0.0,2.73,0.00,0.00,,15.2,0,0,0,0.2,0.2,0.07,-0.2,-0.2,Matches
214,Ruben Loftus-Cheek\Ruben-Loftus-Cheek,eng ENG,MF,Chelsea,25-248,1996,0.2,0,0,0,,0.00,0.00,,,,0,0,0,0.0,0.0,,0.0,0.0,Matches
215,Shane Long\Shane-Long,ie IRL,MF,Southampton,34-249,1987,0.2,0,1,0,0.0,5.29,0.00,0.00,,7.0,0,0,0,0.3,0.3,0.28,-0.3,-0.3,Matches
216,Sean Longstaff\Sean-Longstaff,eng ENG,MF,Newcastle Utd,23-333,1997,4.6,1,8,2,25.0,1.75,0.44,0.13,0.50,23.5,0,0,0,0.9,0.9,0.11,+0.1,+0.1,Matches
217,Ademola Lookman\Ademola-Lookman,eng ENG,FWMF,Leicester City,23-343,1997,1.6,0,6,1,16.7,3.86,0.64,0.00,0.00,13.9,0,0,0,0.8,0.8,0.13,-0.8,-0.8,Matches
218,Imran Louza\Imran-Louza,fr FRA,MF,Watford,22-150,1999,0.5,0,0,0,,0.00,0.00,,,,0,0,0,0.0,0.0,,0.0,0.0,Matches
219,Matthew Lowton\Matthew-Lowton,eng ENG,DF,Burnley,32-111,1989,6.0,0,1,0,0.0,0.17,0.00,0.00,,14.0,0,0,0,0.1,0.1,0.10,-0.1,-0.1,Matches
220,Douglas Luiz\Douglas-Luiz,br BRA,MF,Aston Villa,23-142,1998,4.8,0,5,0,0.0,1.03,0.00,0.00,,24.7,2,0,0,0.2,0.2,0.04,-0.2,-0.2,Matches
221,Romelu Lukaku\Romelu-Lukaku,be BEL,FW,Chelsea,28-138,1993,5.0,3,15,5,33.3,3.00,1.00,0.20,0.60,12.0,0,0,0,2.4,2.4,0.16,+0.6,+0.6,Matches
222,Alexis Mac Allister\Alexis-Mac-Allister,ar ARG,FW,Brighton,22-278,1998,2.0,1,6,1,16.7,3.05,0.51,0.17,1.00,15.0,0,0,0,0.8,0.8,0.13,+0.2,+0.2,Matches
223,James Maddison\James-Maddison,eng ENG,MFFW,Leicester City,24-309,1996,4.0,0,4,0,0.0,1.01,0.00,0.00,,16.8,0,0,0,0.4,0.4,0.10,-0.4,-0.4,Matches
224,Harry Maguire\Harry-Maguire,eng ENG,DF,Manchester Utd,28-207,1993,5.7,0,6,2,33.3,1.05,0.35,0.00,0.00,10.2,0,0,0,0.5,0.5,0.08,-0.5,-0.5,Matches
225,Riyad Mahrez\Riyad-Mahrez,dz ALG,FW,Manchester City,30-219,1991,1.8,1,7,2,28.6,3.99,1.14,0.14,0.50,16.5,1,0,0,1.2,1.2,0.17,-0.2,-0.2,Matches
226,Ainsley Maitland-Niles\Ainsley-Maitland-Niles,eng ENG,MFDF,Arsenal,24-030,1997,1.3,0,1,0,0.0,0.74,0.00,0.00,,25.0,0,0,0,0.0,0.0,0.02,0.0,0.0,Matches
227,Sadio Mané\Sadio-Mane,sn SEN,FW,Liverpool,29-171,1992,6.0,3,26,7,26.9,4.33,1.17,0.12,0.43,11.6,0,0,0,4.7,4.7,0.18,-1.7,-1.7,Matches
228,Javier Manquillo\Javier-Manquillo,es ESP,DF,Newcastle Utd,27-146,1994,2.7,1,1,1,100.0,0.37,0.37,1.00,1.00,10.6,0,0,0,0.4,0.4,0.40,+0.6,+0.6,Matches
229,Fernando Marçal\Fernando-Marcal,br BRA,DF,Wolves,32-221,1989,5.8,0,4,0,0.0,0.69,0.00,0.00,,20.3,0,0,0,0.4,0.4,0.09,-0.4,-0.4,Matches
230,Solly March\Solly-March,eng ENG,DFMF,Brighton,27-070,1994,2.8,0,2,2,100.0,0.72,0.72,0.00,0.00,21.9,1,0,0,0.2,0.2,0.08,-0.2,-0.2,Matches
231,Pablo Marí\Pablo-Mari,es ESP,DF,Arsenal,28-028,1993,2.0,0,1,0,0.0,0.50,0.00,0.00,,4.1,0,0,0,0.3,0.3,0.31,-0.3,-0.3,Matches
232,Anthony Martial\Anthony-Martial,fr FRA,FW,Manchester Utd,25-297,1995,1.1,0,1,0,0.0,0.91,0.00,0.00,,3.0,0,0,0,0.1,0.1,0.10,-0.1,-0.1,Matches
233,Martinelli\Martinelli,br BRA,FW,Arsenal,20-102,2001,1.6,0,1,0,0.0,0.61,0.00,0.00,,5.0,0,0,0,0.1,0.1,0.13,-0.1,-0.1,Matches
234,Emiliano Martínez\Emiliano-Martinez,ar ARG,GK,Aston Villa,29-026,1992,5.0,0,0,0,,0.00,0.00,,,,0,0,0,0.0,0.0,,0.0,0.0,Matches
235,Adam Masina\Adam-Masina,ma MAR,DF,Watford,27-269,1994,3.0,0,0,0,,0.00,0.00,,,,0,0,0,0.0,0.0,,0.0,0.0,Matches
236,Jean-Philippe Mateta\Jean-Philippe-Mateta,fr FRA,FW,Crystal Palace,24-092,1997,0.6,0,0,0,,0.00,0.00,,,,0,0,0,0.0,0.0,,0.0,0.0,Matches
237,Nemanja Matić\Nemanja-Matic,rs SRB,MF,Manchester Utd,33-058,1988,2.2,0,3,1,33.3,1.35,0.45,0.00,0.00,22.5,0,0,0,0.1,0.1,0.03,-0.1,-0.1,Matches
238,Joël Matip\Joel-Matip,cm CMR,DF,Liverpool,30-051,1991,5.0,0,8,0,0.0,1.60,0.00,0.00,,6.6,0,0,0,1.1,1.1,0.14,-1.1,-1.1,Matches
239,Neal Maupay\Neal-Maupay,fr FRA,FW,Brighton,25-045,1996,5.5,4,10,4,40.0,1.82,0.73,0.30,0.75,17.5,0,1,1,2.3,1.5,0.15,+1.7,+1.5,Matches
240,Bryan Mbeumo\Bryan-Mbeumo,fr FRA,FW,Brentford,22-052,1999,5.7,1,13,2,15.4,2.29,0.35,0.08,0.50,16.1,1,0,0,2.5,2.5,0.19,-1.5,-1.5,Matches
241,James McArthur\James-McArthur,sct SCO,MF,Crystal Palace,33-356,1987,5.7,0,4,1,25.0,0.70,0.18,0.00,0.00,21.3,0,0,0,0.1,0.1,0.04,-0.1,-0.1,Matches
242,Alex McCarthy\Alex-McCarthy,eng ENG,GK,Southampton,31-299,1989,6.0,0,0,0,,0.00,0.00,,,,0,0,0,0.0,0.0,,0.0,0.0,Matches
243,John McGinn\John-McGinn,sct SCO,MF,Aston Villa,26-345,1994,4.4,1,7,1,14.3,1.58,0.23,0.14,1.00,22.7,0,0,0,0.3,0.3,0.04,+0.7,+0.7,Matches
244,Kenny McLean\Kenny-McLean,sct SCO,MF,Norwich City,29-263,1992,4.5,0,11,2,18.2,2.44,0.44,0.00,0.00,19.4,0,0,0,0.5,0.5,0.05,-0.5,-0.5,Matches
245,Dwight McNeil\Dwight-McNeil,eng ENG,MF,Burnley,21-310,1999,5.8,0,9,4,44.4,1.55,0.69,0.00,0.00,23.6,0,0,0,0.2,0.2,0.02,-0.2,-0.2,Matches
246,Scott McTominay\Scott-McTominay,sct SCO,MF,Manchester Utd,24-294,1996,2.8,0,3,0,0.0,1.06,0.00,0.00,,15.2,0,0,0,0.2,0.2,0.06,-0.2,-0.2,Matches
247,Ben Mee\Ben-Mee,eng ENG,DF,Burnley,32-005,1989,6.0,1,7,1,14.3,1.17,0.17,0.14,1.00,7.0,0,0,0,0.7,0.7,0.10,+0.3,+0.3,Matches
248,Benjamin Mendy\Benjamin-Mendy,fr FRA,DF,Manchester City,27-073,1994,0.9,0,0,0,,0.00,0.00,,,,0,0,0,0.0,0.0,,0.0,0.0,Matches
249,Edouard Mendy\Edouard-Mendy,sn SEN,GK,Chelsea,29-211,1992,5.0,0,0,0,,0.00,0.00,,,,0,0,0,0.0,0.0,,0.0,0.0,Matches
250,Illan Meslier\Illan-Meslier,fr FRA,GK,Leeds United,21-210,2000,6.0,0,0,0,,0.00,0.00,,,,0,0,0,0.0,0.0,,0.0,0.0,Matches
251,Luka Milivojević\Luka-Milivojevic,rs SRB,MF,Crystal Palace,30-174,1991,1.1,0,2,0,0.0,1.89,0.00,0.00,,28.1,1,0,0,0.0,0.0,0.02,0.0,0.0,Matches
252,James Milner\James-Milner,eng ENG,DFMF,Liverpool,35-267,1986,2.0,0,1,0,0.0,0.50,0.00,0.00,,15.6,0,0,0,0.0,0.0,0.04,0.0,0.0,Matches
253,Yerry Mina\Yerry-Mina,co COL,DF,Everton,27-005,1994,4.1,0,1,1,100.0,0.24,0.24,0.00,0.00,8.1,0,0,0,0.0,0.0,0.05,0.0,0.0,Matches
254,Tyrone Mings\Tyrone-Mings,eng ENG,DF,Aston Villa,28-199,1993,5.0,0,5,2,40.0,1.00,0.40,0.00,0.00,12.4,0,0,0,0.4,0.4,0.07,-0.4,-0.4,Matches
255,Tyrick Mitchell\Tyrick-Mitchell,eng ENG,DF,Crystal Palace,22-027,1999,6.0,0,0,0,,0.00,0.00,,,,0,0,0,0.0,0.0,,0.0,0.0,Matches
256,Jakub Moder\Jakub-Moder,pl POL,DFMF,Brighton,22-174,1999,2.2,0,2,1,50.0,0.93,0.46,0.00,0.00,21.4,0,0,0,0.2,0.2,0.10,-0.2,-0.2,Matches
257,Wesley Moraes\Wesley-Moraes,br BRA,FW,Aston Villa,24-306,1996,0.0,0,0,0,,0.00,0.00,,,,0,0,0,0.0,0.0,,0.0,0.0,Matches
258,Mason Mount\Mason-Mount,eng ENG,MFFW,Chelsea,22-261,1999,3.4,0,9,2,22.2,2.65,0.59,0.00,0.00,20.2,2,0,0,0.9,0.9,0.10,-0.9,-0.9,Matches
259,Lucas Moura\Lucas-Moura,br BRA,FW,Tottenham,29-046,1992,4.0,0,9,3,33.3,2.26,0.75,0.00,0.00,15.6,0,0,0,0.6,0.6,0.07,-0.6,-0.6,Matches
260,João Moutinho\Joao-Moutinho,pt POR,MF,Wolves,35-020,1986,5.5,0,4,0,0.0,0.73,0.00,0.00,,21.1,1,0,0,0.3,0.3,0.08,-0.3,-0.3,Matches
261,Bali Mumba\Bali-Mumba,eng ENG,DF,Norwich City,19-355,2001,0.5,0,0,0,,0.00,0.00,,,,0,0,0,0.0,0.0,,0.0,0.0,Matches
262,Jacob Murphy\Jacob-Murphy,eng ENG,DF,Newcastle Utd,26-216,1995,3.3,1,7,4,57.1,2.12,1.21,0.14,0.25,23.5,1,0,0,0.5,0.5,0.07,+0.5,+0.5,Matches
263,Enock Mwepu\Enock-Mwepu,zm ZAM,MF,Brighton,23-270,1998,1.0,0,1,0,0.0,0.97,0.00,0.00,,26.0,0,0,0,0.0,0.0,0.03,0.0,0.0,Matches
264,Marvelous Nakamba\Marvelous-Nakamba,zw ZIM,MF,Aston Villa,27-252,1994,2.0,0,0,0,,0.00,0.00,,,,0,0,0,0.0,0.0,,0.0,0.0,Matches
265,Wilfred Ndidi\Wilfred-Ndidi,ng NGA,MF,Leicester City,24-286,1996,6.0,0,3,0,0.0,0.50,0.00,0.00,,14.3,0,0,0,0.3,0.3,0.09,-0.3,-0.3,Matches
266,Tanguy Ndombele\Tanguy-Ndombele,fr FRA,MF,Tottenham,24-274,1996,1.4,0,1,0,0.0,0.69,0.00,0.00,,24.0,0,0,0,0.0,0.0,0.05,0.0,0.0,Matches
267,Reiss Nelson\Reiss-Nelson,eng ENG,FW,Arsenal,21-292,1999,0.2,0,1,0,0.0,4.50,0.00,0.00,,18.0,0,0,0,0.0,0.0,0.04,0.0,0.0,Matches
268,Rúben Neves\Ruben-Neves,pt POR,MF,Wolves,24-199,1997,5.0,0,10,2,20.0,1.99,0.40,0.00,0.00,27.8,0,0,0,0.2,0.2,0.02,-0.2,-0.2,Matches
269,Jeremy Ngakia\Jeremy-Ngakia,eng ENG,DF,Watford,21-021,2000,2.1,0,1,0,0.0,0.48,0.00,0.00,,26.4,0,0,0,0.0,0.0,0.01,0.0,0.0,Matches
270,Saúl Ñíguez\Saul-Niguez,es ESP,MF,Chelsea,26-311,1994,0.5,0,0,0,,0.00,0.00,,,,0,0,0,0.0,0.0,,0.0,0.0,Matches
271,Mark Noble\Mark-Noble,eng ENG,FW,West Ham,34-143,1987,0.0,0,0,0,,0.00,0.00,,,,0,0,1,0.8,0.0,,-0.8,0.0,Matches
272,Mathias Normann\Mathias-Normann,no NOR,MF,Norwich City,25-123,1996,1.5,0,5,3,60.0,3.28,1.97,0.00,0.00,30.8,2,0,0,0.1,0.1,0.02,-0.1,-0.1,Matches
273,Christian Nørgaard\Christian-Norgaard,dk DEN,MF,Brentford,27-202,1994,5.9,1,2,1,50.0,0.34,0.17,0.50,1.00,3.0,0,0,0,0.7,0.7,0.34,+0.3,+0.3,Matches
274,Angelo Ogbonna\Angelo-Ogbonna,it ITA,DF,West Ham,33-128,1988,6.0,0,0,0,,0.00,0.00,,,,0,0,0,0.0,0.0,,0.0,0.0,Matches
275,Michael Olise\Michael-Olise,fr FRA,MFFW,Crystal Palace,19-290,2001,0.2,0,0,0,,0.00,0.00,,,,0,0,0,0.0,0.0,,0.0,0.0,Matches
276,Andrew Omobamidele\Andrew-Omobamidele,ie IRL,DF,Norwich City,19-097,2002,1.0,0,0,0,,0.00,0.00,,,,0,0,0,0.0,0.0,,0.0,0.0,Matches
277,Frank Onyeka\Frank-Onyeka,ng NGA,MFDF,Brentford,23-270,1998,2.8,0,6,1,16.7,2.13,0.35,0.00,0.00,16.6,0,0,0,0.4,0.4,0.07,-0.4,-0.4,Matches
278,Divock Origi\Divock-Origi,be BEL,FW,Liverpool,26-163,1995,0.0,0,0,0,,0.00,0.00,,,,0,0,0,0.0,0.0,,0.0,0.0,Matches
279,Alex Oxlade-Chamberlain\Alex-Oxlade-Chamberlain,eng ENG,MFFW,Liverpool,28-044,1993,0.8,0,2,0,0.0,2.61,0.00,0.00,,24.0,0,0,0,0.0,0.0,0.02,0.0,0.0,Matches
280,Cole Palmer\Cole-Palmer,eng ENG,MF,Manchester City,19-145,2002,0.2,0,0,0,,0.00,0.00,,,,0,0,0,0.0,0.0,,0.0,0.0,Matches
281,Emerson Palmieri\Emerson-Palmieri,it ITA,DF,Chelsea,27-056,1994,0.1,0,0,0,,0.00,0.00,,,,0,0,0,0.0,0.0,,0.0,0.0,Matches
282,Thomas Partey\Thomas-Partey,gh GHA,MF,Arsenal,28-107,1993,2.1,0,6,1,16.7,2.80,0.47,0.00,0.00,22.5,0,0,0,0.2,0.2,0.03,-0.2,-0.2,Matches
283,João Pedro\Joao-Pedro,br BRA,FWMF,Watford,20-002,2001,0.3,0,0,0,,0.00,0.00,,,,0,0,0,0.0,0.0,,0.0,0.0,Matches
284,Nicolas Pépé\Nicolas-Pepe,ci CIV,FWMF,Arsenal,26-122,1995,4.0,0,14,4,28.6,3.50,1.00,0.00,0.00,15.0,2,0,0,1.9,1.9,0.14,-1.9,-1.9,Matches
285,Ricardo Pereira\Ricardo-Pereira,pt POR,DF,Leicester City,27-357,1993,3.6,0,1,0,0.0,0.28,0.00,0.00,,10.8,0,0,0,0.1,0.1,0.09,-0.1,-0.1,Matches
286,Ayoze Pérez\Ayoze-Perez,es ESP,FWMF,Leicester City,28-067,1993,1.1,0,1,0,0.0,0.90,0.00,0.00,,17.5,0,0,0,0.1,0.1,0.10,-0.1,-0.1,Matches
287,Romain Perraud\Romain-Perraud,fr FRA,DF,Southampton,24-006,1997,2.8,0,0,0,,0.00,0.00,,,,0,0,0,0.0,0.0,,0.0,0.0,Matches
288,Kalvin Phillips\Kalvin-Phillips,eng ENG,MF,Leeds United,25-300,1995,5.0,0,5,0,0.0,1.00,0.00,0.00,,22.6,0,0,0,0.2,0.2,0.04,-0.2,-0.2,Matches
289,Jaden Philogene Bidace\Jaden-Philogene-Bidace,eng ENG,FW,Aston Villa,19-133,2002,0.1,0,0,0,,0.00,0.00,,,,0,0,0,0.0,0.0,,0.0,0.0,Matches
290,Jordan Pickford\Jordan-Pickford,eng ENG,GK,Everton,27-205,1994,5.0,0,0,0,,0.00,0.00,,,,0,0,0,0.0,0.0,,0.0,0.0,Matches
291,Erik Pieters\Erik-Pieters,nl NED,MF,Burnley,33-052,1988,0.1,0,0,0,,0.00,0.00,,,,0,0,0,0.0,0.0,,0.0,0.0,Matches
292,Ethan Pinnock\Ethan-Pinnock,jm JAM,DF,Brentford,28-122,1993,5.5,1,3,1,33.3,0.55,0.18,0.33,1.00,8.1,0,0,0,0.6,0.6,0.22,+0.4,+0.4,Matches
293,Daniel Podence\Daniel-Podence,pt POR,FWMF,Wolves,25-342,1995,1.3,0,0,0,,0.00,0.00,,,,0,0,0,0.0,0.0,,0.0,0.0,Matches
294,Paul Pogba\Paul-Pogba,fr FRA,FWMF,Manchester Utd,28-197,1993,5.6,0,15,3,20.0,2.67,0.53,0.00,0.00,17.3,0,0,0,1.2,1.2,0.08,-1.2,-1.2,Matches
295,Nick Pope\Nick-Pope,eng ENG,GK,Burnley,29-162,1992,6.0,0,0,0,,0.00,0.00,,,,0,0,0,0.0,0.0,,0.0,0.0,Matches
296,Teemu Pukki\Teemu-Pukki,fi FIN,FW,Norwich City,31-183,1990,5.5,2,10,3,30.0,1.82,0.55,0.10,0.33,15.1,0,1,1,1.8,1.1,0.11,+0.2,-0.1,Matches
297,Christian Pulisic\Christian-Pulisic,us USA,MF,Chelsea,23-010,1998,0.9,1,2,2,100.0,2.22,2.22,0.50,0.50,8.7,0,0,0,0.4,0.4,0.18,+0.6,+0.6,Matches
298,Jesuran Rak Sakyi\Jesuran-Rak-Sakyi,eng ENG,MF,Crystal Palace,18-358,2002,0.2,0,0,0,,0.00,0.00,,,,0,0,0,0.0,0.0,,0.0,0.0,Matches
299,Aaron Ramsdale\Aaron-Ramsdale,eng ENG,GK,Arsenal,23-137,1998,3.0,0,0,0,,0.00,0.00,,,,0,0,0,0.0,0.0,,0.0,0.0,Matches
300,Jacob Ramsey\Jacob-Ramsey,eng ENG,MF,Aston Villa,20-123,2001,4.1,0,7,1,14.3,1.73,0.25,0.00,0.00,22.4,0,0,0,0.3,0.3,0.05,-0.3,-0.3,Matches
301,Milot Rashica\Milot-Rashica,xk KVX,FWMF,Norwich City,25-092,1996,4.3,0,5,1,20.0,1.16,0.23,0.00,0.00,16.2,1,0,0,0.4,0.4,0.07,-0.4,-0.4,Matches
302,David Raya\David-Raya,es ESP,GK,Brentford,26-013,1995,6.0,0,0,0,,0.00,0.00,,,,0,0,0,0.0,0.0,,0.0,0.0,Matches
303,Nathan Redmond\Nathan-Redmond,eng ENG,MF,Southampton,27-206,1994,3.2,0,5,0,0.0,1.58,0.00,0.00,,18.2,0,0,0,0.4,0.4,0.09,-0.4,-0.4,Matches
304,Sergio Reguilón\Sergio-Reguilon,es ESP,DF,Tottenham,24-286,1996,6.0,0,1,0,0.0,0.17,0.00,0.00,,26.0,0,0,0,0.0,0.0,0.01,0.0,0.0,Matches
305,Declan Rice\Declan-Rice,eng ENG,MF,West Ham,22-257,1999,6.0,0,3,0,0.0,0.50,0.00,0.00,,24.7,0,0,0,0.1,0.1,0.03,-0.1,-0.1,Matches
306,Taylor Richards\Taylor-Richards,eng ENG,MF,Brighton,20-298,2000,0.2,0,1,0,0.0,5.00,0.00,0.00,,24.0,0,0,0,0.0,0.0,0.04,0.0,0.0,Matches
307,Richarlison\Richarlison,br BRA,MFFW,Everton,24-141,1997,3.9,1,9,1,11.1,2.33,0.26,0.11,1.00,17.0,0,0,0,0.8,0.8,0.09,+0.2,+0.2,Matches
308,Jaïro Riedewald\Jairo-Riedewald,nl NED,MF,Crystal Palace,25-019,1996,1.1,0,0,0,,0.00,0.00,,,,0,0,0,0.0,0.0,,0.0,0.0,Matches
309,Matt Ritchie\Matt-Ritchie,sct SCO,DF,Newcastle Utd,32-018,1989,6.0,0,7,1,14.3,1.17,0.17,0.00,0.00,22.6,1,0,0,0.2,0.2,0.03,-0.2,-0.2,Matches
310,Tyler Roberts\Tyler-Roberts,wls WAL,MF,Leeds United,22-259,1999,1.8,0,3,1,33.3,1.69,0.56,0.00,0.00,15.5,0,0,0,0.3,0.3,0.11,-0.3,-0.3,Matches
311,Andrew Robertson\Andrew-Robertson,sct SCO,DF,Liverpool,27-201,1994,2.9,0,2,1,50.0,0.68,0.34,0.00,0.00,21.8,0,0,0,0.1,0.1,0.04,-0.1,-0.1,Matches
312,Joe Rodon\Joe-Rodon,wls WAL,DF,Tottenham,23-341,1997,0.9,0,0,0,,0.00,0.00,,,,0,0,0,0.0,0.0,,0.0,0.0,Matches
313,Rodri\Rodri,es ESP,MF,Manchester City,25-098,1996,4.0,1,5,1,20.0,1.25,0.25,0.20,1.00,24.4,0,0,0,0.2,0.2,0.04,+0.8,+0.8,Matches
314,Rodrigo\Rodrigo,es ESP,MFFW,Leeds United,30-206,1991,3.8,0,7,4,57.1,1.84,1.05,0.00,0.00,17.6,0,0,0,0.8,0.8,0.12,-0.8,-0.8,Matches
315,Jay Rodriguez\Jay-Rodriguez,eng ENG,FW,Burnley,32-061,1989,1.1,0,5,1,20.0,4.55,0.91,0.00,0.00,15.2,0,0,0,0.3,0.3,0.06,-0.3,-0.3,Matches
316,Mads Roerslev\Mads-Roerslev,dk DEN,DF,Brentford,22-096,1999,0.5,0,0,0,,0.00,0.00,,,,0,0,0,0.0,0.0,,0.0,0.0,Matches
317,Cristian Romero\Cristian-Romero,ar ARG,DF,Tottenham,23-154,1998,0.9,0,0,0,,0.00,0.00,,,,0,0,0,0.0,0.0,,0.0,0.0,Matches
318,Oriol Romeu\Oriol-Romeu,es ESP,MF,Southampton,30-004,1991,5.4,0,3,0,0.0,0.55,0.00,0.00,,22.8,0,0,0,0.1,0.1,0.03,-0.1,-0.1,Matches
319,Cristiano Ronaldo\Cristiano-Ronaldo,pt POR,FW,Manchester Utd,36-235,1985,3.0,3,17,7,41.2,5.67,2.33,0.18,0.43,14.4,1,0,0,2.7,2.7,0.17,+0.3,+0.3,Matches
320,Salomón Rondón\Salomon-Rondon,ve VEN,FW,Everton,32-012,1989,1.8,0,2,0,0.0,1.11,0.00,0.00,,5.3,0,0,0,0.1,0.1,0.06,-0.1,-0.1,Matches
321,Danny Rose\Danny-Rose,eng ENG,DF,Watford,31-088,1990,3.0,0,1,0,0.0,0.33,0.00,0.00,,29.0,0,0,0,0.0,0.0,0.01,0.0,0.0,Matches
322,Antonio Rüdiger\Antonio-Rudiger,de GER,DF,Chelsea,28-209,1993,6.0,1,4,2,50.0,0.67,0.33,0.25,0.50,22.0,0,0,0,0.3,0.3,0.07,+0.7,+0.7,Matches
323,Lukas Rupp\Lukas-Rupp,de GER,MF,Norwich City,30-263,1991,2.6,0,6,0,0.0,2.33,0.00,0.00,,22.4,0,0,0,0.2,0.2,0.04,-0.2,-0.2,Matches
324,José Sá\Jose-Sa,pt POR,GK,Wolves,28-254,1993,6.0,0,0,0,,0.00,0.00,,,,0,0,0,0.0,0.0,,0.0,0.0,Matches
325,Allan Saint-Maximin\Allan-Saint-Maximin,fr FRA,FW,Newcastle Utd,24-200,1997,6.0,2,13,5,38.5,2.17,0.83,0.15,0.40,20.8,0,0,0,1.0,1.0,0.08,+1.0,+1.0,Matches
326,Romain Saïss\Romain-Saiss,ma MAR,DF,Wolves,31-186,1990,5.4,0,5,3,60.0,0.92,0.55,0.00,0.00,12.1,0,0,0,0.8,0.8,0.17,-0.8,-0.8,Matches
327,Bukayo Saka\Bukayo-Saka,eng ENG,FWMF,Arsenal,20-023,2001,4.5,1,11,3,27.3,2.46,0.67,0.09,0.33,14.9,0,0,0,0.8,0.8,0.08,+0.2,+0.2,Matches
328,Mohamed Salah\Mohamed-Salah,eg EGY,FW,Liverpool,29-105,1992,6.0,5,24,11,45.8,4.00,1.83,0.17,0.36,15.0,0,1,1,4.1,3.3,0.14,+0.9,+0.7,Matches
329,Mohammed Salisu\Mohammed-Salisu,gh GHA,DF,Southampton,22-164,1999,5.6,0,2,1,50.0,0.36,0.18,0.00,0.00,14.0,0,0,0,0.0,0.0,0.02,0.0,0.0,Matches
330,Albert Sambi Lokonga\Albert-Sambi-Lokonga,be BEL,MF,Arsenal,21-341,1999,3.1,0,5,2,40.0,1.61,0.64,0.00,0.00,27.5,0,0,0,0.1,0.1,0.02,-0.1,-0.1,Matches
331,Davinson Sánchez\Davinson-Sanchez,co COL,DF,Tottenham,25-108,1996,4.1,0,3,0,0.0,0.73,0.00,0.00,,7.0,0,0,0,0.2,0.2,0.07,-0.2,-0.2,Matches
332,Robert Sánchez\Robert-Sanchez,es ESP,GK,Brighton,23-314,1997,6.0,0,0,0,,0.00,0.00,,,,0,0,0,0.0,0.0,,0.0,0.0,Matches
333,Jadon Sancho\Jadon-Sancho,eng ENG,FW,Manchester Utd,21-187,2000,2.2,0,2,0,0.0,0.89,0.00,0.00,,15.5,0,0,0,0.4,0.4,0.18,-0.4,-0.4,Matches
334,Josh Sargent\Josh-Sargent,us USA,FW,Norwich City,21-220,2000,2.3,0,3,0,0.0,1.32,0.00,0.00,,16.6,0,0,0,0.2,0.2,0.06,-0.2,-0.2,Matches
335,Ismaila Sarr\Ismaila-Sarr,sn SEN,MFFW,Watford,23-215,1998,6.0,4,16,10,62.5,2.67,1.67,0.25,0.40,15.7,0,0,0,1.9,1.9,0.12,+2.1,+2.1,Matches
336,Fabian Schär\Fabian-Schar,ch SUI,DF,Newcastle Utd,29-282,1991,2.0,0,0,0,,0.00,0.00,,,,0,0,0,0.0,0.0,,0.0,0.0,Matches
337,Jeffrey Schlupp\Jeffrey-Schlupp,gh GHA,FWMF,Crystal Palace,28-279,1992,1.5,0,1,0,0.0,0.69,0.00,0.00,,9.0,0,0,0,0.0,0.0,0.05,0.0,0.0,Matches
338,Kasper Schmeichel\Kasper-Schmeichel,dk DEN,GK,Leicester City,34-327,1986,6.0,0,0,0,,0.00,0.00,,,,0,0,0,0.0,0.0,,0.0,0.0,Matches
339,Ken Sema\Ken-Sema,se SWE,MFFW,Watford,27-363,1993,2.2,0,1,0,0.0,0.45,0.00,0.00,,17.7,0,0,0,0.0,0.0,0.04,0.0,0.0,Matches
340,Nélson Semedo\Nelson-Semedo,pt POR,DF,Wolves,27-316,1993,4.9,0,7,2,28.6,1.44,0.41,0.00,0.00,19.6,0,0,0,0.7,0.7,0.10,-0.7,-0.7,Matches
341,Jamie Shackleton\Jamie-Shackleton,eng ENG,DF,Leeds United,21-355,1999,1.6,0,2,1,50.0,1.22,0.61,0.00,0.00,16.8,0,0,0,0.1,0.1,0.04,-0.1,-0.1,Matches
342,Luke Shaw\Luke-Shaw,eng ENG,DF,Manchester Utd,26-078,1995,5.4,0,2,1,50.0,0.37,0.19,0.00,0.00,22.9,0,0,0,0.0,0.0,0.02,0.0,0.0,Matches
343,Jonjo Shelvey\Jonjo-Shelvey,eng ENG,MF,Newcastle Utd,29-213,1992,0.8,0,0,0,,0.00,0.00,,,,0,0,0,0.0,0.0,,0.0,0.0,Matches
344,Francisco Sierralta\Francisco-Sierralta,cl CHI,DF,Watford,24-145,1997,2.0,0,0,0,,0.00,0.00,,,,0,0,0,0.0,0.0,,0.0,0.0,Matches
345,Bernardo Silva\Bernardo-Silva,pt POR,MF,Manchester City,27-049,1994,4.4,1,5,3,60.0,1.13,0.68,0.20,0.33,12.6,0,0,0,0.6,0.6,0.12,+0.4,+0.4,Matches
346,Fábio Silva\Fabio-Silva,pt POR,DFMF,Wolves,19-071,2002,0.2,0,1,1,100.0,4.29,4.29,0.00,0.00,10.0,0,0,0,0.0,0.0,0.03,0.0,0.0,Matches
347,Thiago Silva\Thiago-Silva,br BRA,DF,Chelsea,37-006,1984,3.2,1,2,2,100.0,0.63,0.63,0.50,0.50,7.6,0,0,0,0.1,0.1,0.03,+0.9,+0.9,Matches
348,Moussa Sissoko\Moussa-Sissoko,fr FRA,MF,Watford,32-043,1989,3.8,0,3,2,66.7,0.79,0.53,0.00,0.00,21.1,0,0,0,0.2,0.2,0.06,-0.2,-0.2,Matches
349,Oliver Skipp\Oliver-Skipp,eng ENG,MF,Tottenham,21-012,2000,4.8,0,0,0,,0.00,0.00,,,,0,0,0,0.0,0.0,,0.0,0.0,Matches
350,Emile Smith-Rowe\Emile-Smith-Rowe,eng ENG,MFFW,Arsenal,21-062,2000,5.0,1,8,5,62.5,1.61,1.01,0.13,0.20,14.5,0,0,0,1.1,1.1,0.13,-0.1,-0.1,Matches
351,Cédric Soares\Cedric-Soares,pt POR,DF,Arsenal,30-028,1991,2.1,0,1,0,0.0,0.48,0.00,0.00,,22.0,0,0,0,0.0,0.0,0.02,0.0,0.0,Matches
352,Tomáš Souček\Tomas-Soucek,cz CZE,MF,West Ham,26-213,1995,6.0,1,14,3,21.4,2.33,0.50,0.07,0.33,13.9,0,0,0,1.1,0.7,0.05,-0.1,+0.3,Matches
353,Boubakary Soumaré\Boubakary-Soumare,fr FRA,MF,Leicester City,22-213,1999,1.9,0,2,1,50.0,1.03,0.52,0.00,0.00,14.4,0,0,0,0.2,0.2,0.08,-0.2,-0.2,Matches
354,Çağlar Söyüncü\Caglar-Soyuncu,tr TUR,DF,Leicester City,25-128,1996,6.0,0,1,0,0.0,0.17,0.00,0.00,,6.0,0,0,0,0.2,0.2,0.15,-0.2,-0.2,Matches
355,Jed Steer\Jed-Steer,eng ENG,GK,Aston Villa,29-005,1992,1.0,0,0,0,,0.00,0.00,,,,0,0,0,0.0,0.0,,0.0,0.0,Matches
356,Jack Stephens\Jack-Stephens,eng ENG,DF,Southampton,27-244,1994,4.4,0,0,0,,0.00,0.00,,,,0,0,0,0.0,0.0,,0.0,0.0,Matches
357,Raheem Sterling\Raheem-Sterling,eng ENG,FWMF,Manchester City,26-294,1994,2.8,1,12,4,33.3,4.27,1.42,0.08,0.25,12.9,0,0,0,1.6,1.6,0.13,-0.6,-0.6,Matches
358,Pascal Struijk\Pascal-Struijk,nl NED,DFMF,Leeds United,22-048,1999,3.3,0,1,0,0.0,0.30,0.00,0.00,,8.5,0,0,0,0.0,0.0,0.05,0.0,0.0,Matches
359,Crysencio Summerville\Crysencio-Summerville,nl NED,MFDF,Leeds United,19-333,2001,0.3,0,0,0,,0.00,0.00,,,,0,0,0,0.0,0.0,,0.0,0.0,Matches
360,Japhet Tanganga\Japhet-Tanganga,eng ENG,DF,Tottenham,22-181,1999,4.0,0,2,1,50.0,0.49,0.25,0.00,0.00,6.0,0,0,0,0.1,0.1,0.06,-0.1,-0.1,Matches
361,Matt Targett\Matt-Targett,eng ENG,DF,Aston Villa,26-010,1995,4.2,0,1,0,0.0,0.24,0.00,0.00,,5.0,0,0,0,0.3,0.3,0.29,-0.3,-0.3,Matches
362,James Tarkowski\James-Tarkowski,eng ENG,DF,Burnley,28-313,1992,6.0,1,7,2,28.6,1.17,0.33,0.14,0.50,8.6,0,0,0,0.7,0.7,0.09,+0.3,+0.3,Matches
363,Nuno Tavares\Nuno-Tavares,pt POR,DFFW,Arsenal,21-245,2000,0.6,0,2,0,0.0,3.53,0.00,0.00,,30.4,0,0,0,0.0,0.0,0.02,0.0,0.0,Matches
364,Charlie Taylor\Charlie-Taylor,eng ENG,DF,Burnley,28-010,1993,6.0,0,0,0,,0.00,0.00,,,,0,0,0,0.0,0.0,,0.0,0.0,Matches
365,Nathan Tella\Nathan-Tella,eng ENG,MF,Southampton,22-085,1999,0.1,0,0,0,,0.00,0.00,,,,0,0,0,0.0,0.0,,0.0,0.0,Matches
366,Luke Thomas\Luke-Thomas,eng ENG,DF,Leicester City,20-110,2001,3.0,0,0,0,,0.00,0.00,,,,0,0,0,0.0,0.0,,0.0,0.0,Matches
367,Youri Tielemans\Youri-Tielemans,be BEL,MF,Leicester City,24-144,1997,6.0,1,14,2,14.3,2.33,0.33,0.07,0.50,22.8,0,0,0,1.0,1.0,0.08,0.0,0.0,Matches
368,Kieran Tierney\Kieran-Tierney,sct SCO,DF,Arsenal,24-115,1997,5.6,0,6,1,16.7,1.08,0.18,0.00,0.00,24.4,0,0,0,0.2,0.2,0.03,-0.2,-0.2,Matches
369,Takehiro Tomiyasu\Takehiro-Tomiyasu,jp JPN,DF,Arsenal,22-327,1998,2.7,0,3,1,33.3,1.12,0.37,0.00,0.00,15.5,0,0,0,0.1,0.1,0.03,-0.1,-0.1,Matches
370,Ivan Toney\Ivan-Toney,eng ENG,FW,Brentford,25-196,1996,6.0,2,14,3,21.4,2.33,0.50,0.07,0.33,18.3,0,1,1,2.0,1.2,0.09,0.0,-0.2,Matches
371,Ferrán Torres\Ferran-Torres,es ESP,FW,Manchester City,21-211,2000,3.4,2,12,4,33.3,3.56,1.19,0.17,0.50,13.7,0,0,0,2.4,2.4,0.20,-0.4,-0.4,Matches
372,Andros Townsend\Andros-Townsend,eng ENG,MFFW,Everton,30-074,1991,4.8,2,8,6,75.0,1.67,1.26,0.13,0.17,25.5,1,1,1,1.2,0.5,0.06,+0.8,+0.5,Matches
373,Adama Traoré\Adama-Traore,es ESP,FWMF,Wolves,25-246,1996,5.1,0,14,3,21.4,2.76,0.59,0.00,0.00,19.7,0,0,0,1.3,1.3,0.09,-1.3,-1.3,Matches
374,Bertrand Traoré\Bertrand-Traore,bf BFA,MF,Aston Villa,26-022,1995,0.5,0,4,0,0.0,7.83,0.00,0.00,,21.0,0,0,0,0.2,0.2,0.04,-0.2,-0.2,Matches
375,Francisco Trincão\Francisco-Trincao,pt POR,FWMF,Wolves,21-273,1999,4.3,0,11,6,54.5,2.54,1.39,0.00,0.00,16.7,1,0,0,1.2,1.2,0.11,-1.2,-1.2,Matches
376,William Troost-Ekong\William-Troost-Ekong,ng NGA,DF,Watford,28-027,1993,6.0,0,1,0,0.0,0.17,0.00,0.00,,32.7,0,0,0,0.0,0.0,0.01,0.0,0.0,Matches
377,Leandro Trossard\Leandro-Trossard,be BEL,MFFW,Brighton,26-298,1994,5.6,1,12,4,33.3,2.13,0.71,0.08,0.25,20.2,2,0,0,0.6,0.6,0.05,+0.4,+0.4,Matches
378,Kostas Tsimikas\Kostas-Tsimikas,gr GRE,DF,Liverpool,25-139,1996,3.0,0,3,1,33.3,0.99,0.33,0.00,0.00,18.2,0,0,0,0.1,0.1,0.05,-0.1,-0.1,Matches
379,Axel Tuanzebe\Axel-Tuanzebe,eng ENG,DF,Aston Villa,23-318,1997,3.0,0,2,1,50.0,0.66,0.33,0.00,0.00,7.0,0,0,0,0.2,0.2,0.09,-0.2,-0.2,Matches
380,Ozan Tufan\Ozan-Tufan,tr TUR,MF,Watford,26-189,1995,0.5,0,1,0,0.0,2.00,0.00,0.00,,30.0,0,0,0,0.0,0.0,0.02,0.0,0.0,Matches
381,Christos Tzolis\Christos-Tzolis,gr GRE,FWMF,Norwich City,19-241,2002,1.2,0,0,0,,0.00,0.00,,,,0,0,0,0.0,0.0,,0.0,0.0,Matches
382,Raphaël Varane\Raphael-Varane,fr FRA,DF,Manchester Utd,28-156,1993,4.0,0,3,0,0.0,0.75,0.00,0.00,,9.1,0,0,0,0.2,0.2,0.08,-0.2,-0.2,Matches
383,Jamie Vardy\Jamie-Vardy,eng ENG,FW,Leicester City,34-260,1987,5.9,5,17,8,47.1,2.89,1.36,0.29,0.63,12.3,0,0,0,3.8,3.8,0.22,+1.2,+1.2,Matches
384,Joël Veltman\Joel-Veltman,nl NED,DF,Brighton,29-256,1992,3.5,0,1,0,0.0,0.29,0.00,0.00,,21.0,0,0,0,0.1,0.1,0.05,-0.1,-0.1,Matches
385,Jannik Vestergaard\Jannik-Vestergaard,dk DEN,DF,Leicester City,29-056,1992,3.0,0,1,0,0.0,0.33,0.00,0.00,,4.1,0,0,0,0.1,0.1,0.06,-0.1,-0.1,Matches
386,Nikola Vlašić\Nikola-Vlasic,hr CRO,MF,West Ham,23-359,1997,1.2,0,1,0,0.0,0.83,0.00,0.00,,10.0,0,0,0,0.1,0.1,0.09,-0.1,-0.1,Matches
387,Matěj Vydra\Matej-Vydra,cz CZE,FW,Burnley,29-150,1992,1.6,0,5,1,20.0,3.19,0.64,0.00,0.00,16.4,0,0,0,0.3,0.3,0.06,-0.3,-0.3,Matches
388,Theo Walcott\Theo-Walcott,eng ENG,MF,Southampton,32-196,1989,1.4,0,0,0,,0.00,0.00,,,,0,0,0,0.0,0.0,,0.0,0.0,Matches
389,Kyle Walker\Kyle-Walker,eng ENG,DF,Manchester City,31-123,1990,4.5,0,3,1,33.3,0.67,0.22,0.00,0.00,18.5,0,0,0,0.1,0.1,0.03,-0.1,-0.1,Matches
390,Kyle Walker-Peters\Kyle-Walker-Peters,eng ENG,DF,Southampton,24-168,1997,2.9,0,4,0,0.0,1.36,0.00,0.00,,25.7,0,0,0,0.1,0.1,0.02,-0.1,-0.1,Matches
391,Aaron Wan-Bissaka\Aaron-Wan-Bissaka,eng ENG,DF,Manchester Utd,23-306,1997,6.0,0,1,1,100.0,0.17,0.17,0.00,0.00,15.3,0,0,0,0.0,0.0,0.02,0.0,0.0,Matches
392,Joel Ward\Joel-Ward,eng ENG,DF,Crystal Palace,31-334,1989,6.0,0,4,1,25.0,0.67,0.17,0.00,0.00,22.2,0,0,0,0.1,0.1,0.03,-0.1,-0.1,Matches
393,James Ward-Prowse\James-Ward-Prowse,eng ENG,MF,Southampton,26-331,1994,6.0,1,7,4,57.1,1.17,0.67,0.00,0.00,28.9,4,1,1,1.0,0.3,0.04,0.0,-0.3,Matches
394,Ollie Watkins\Ollie-Watkins,eng ENG,FW,Aston Villa,25-272,1995,3.1,0,10,6,60.0,3.19,1.91,0.00,0.00,14.8,0,0,0,1.5,1.5,0.15,-1.5,-1.5,Matches
395,Adam Webster\Adam-Webster,eng ENG,DF,Brighton,26-267,1995,3.4,0,1,0,0.0,0.29,0.00,0.00,,9.0,0,0,0,0.0,0.0,0.03,0.0,0.0,Matches
396,Danny Welbeck\Danny-Welbeck,eng ENG,FWMF,Brighton,30-306,1990,2.7,1,4,3,75.0,1.51,1.13,0.25,0.33,15.2,0,0,0,0.4,0.4,0.10,+0.6,+0.6,Matches
397,Timo Werner\Timo-Werner,de GER,FW,Chelsea,25-206,1996,2.3,0,4,1,25.0,1.71,0.43,0.00,0.00,13.5,0,0,0,0.5,0.5,0.13,-0.5,-0.5,Matches
398,Ashley Westwood\Ashley-Westwood,eng ENG,MF,Burnley,31-180,1990,5.0,0,4,1,25.0,0.80,0.20,0.00,0.00,19.5,0,0,0,0.3,0.3,0.09,-0.3,-0.3,Matches
399,Ben White\Ben-White,eng ENG,DF,Arsenal,23-355,1997,4.0,0,0,0,,0.00,0.00,,,,0,0,0,0.0,0.0,,0.0,0.0,Matches
400,Brandon Williams\Brandon-Williams,eng ENG,DF,Norwich City,21-025,2000,3.9,0,0,0,,0.00,0.00,,,,0,0,0,0.0,0.0,,0.0,0.0,Matches
401,Joe Willock\Joe-Willock,eng ENG,MF,Newcastle Utd,22-039,1999,4.8,0,6,1,16.7,1.26,0.21,0.00,0.00,18.6,0,0,0,0.5,0.5,0.09,-0.5,-0.5,Matches
402,Callum Wilson\Callum-Wilson,eng ENG,FW,Newcastle Utd,29-213,1992,2.7,2,10,4,40.0,3.72,1.49,0.20,0.50,11.7,0,0,0,1.8,1.8,0.18,+0.2,+0.2,Matches
403,Harry Winks\Harry-Winks,eng ENG,MF,Tottenham,25-238,1996,0.7,0,0,0,,0.00,0.00,,,,0,0,0,0.0,0.0,,0.0,0.0,Matches
404,Yoane Wissa\Yoane-Wissa,cd COD,FWMF,Brentford,25-025,1996,0.6,1,2,1,50.0,3.46,1.73,0.50,1.00,7.0,0,0,0,0.2,0.2,0.13,+0.8,+0.8,Matches
405,Chris Wood\Chris-Wood,nz NZL,FW,Burnley,29-295,1991,5.7,1,12,4,33.3,2.12,0.71,0.08,0.25,11.6,0,0,0,1.9,1.9,0.16,-0.9,-0.9,Matches
406,Freddie Woodman\Freddie-Woodman,eng ENG,GK,Newcastle Utd,24-208,1997,4.0,0,0,0,,0.00,0.00,,,,0,0,0,0.0,0.0,,0.0,0.0,Matches
407,Granit Xhaka\Granit-Xhaka,ch SUI,MF,Arsenal,29-001,1992,3.3,0,2,0,0.0,0.61,0.00,0.00,,20.4,0,0,0,0.1,0.1,0.04,-0.1,-0.1,Matches
408,Andriy Yarmolenko\Andriy-Yarmolenko,ua UKR,FWMF,West Ham,31-340,1989,0.4,0,2,0,0.0,4.62,0.00,0.00,,21.7,0,0,0,0.1,0.1,0.04,-0.1,-0.1,Matches
409,Ashley Young\Ashley-Young,eng ENG,DFMF,Aston Villa,36-081,1985,3.0,0,1,0,0.0,0.34,0.00,0.00,,13.6,0,0,0,0.0,0.0,0.01,0.0,0.0,Matches
410,Wilfried Zaha\Wilfried-Zaha,ci CIV,FW,Crystal Palace,28-322,1992,6.0,2,7,1,14.3,1.17,0.17,0.00,0.00,22.0,0,2,2,1.9,0.4,0.06,+0.1,-0.4,Matches
411,Oleksandr Zinchenko\Oleksandr-Zinchenko,ua UKR,DF,Manchester City,24-287,1996,0.6,0,1,0,0.0,1.58,0.00,0.00,,28.0,0,0,0,0.0,0.0,0.01,0.0,0.0,Matches
412,Hakim Ziyech\Hakim-Ziyech,ma MAR,MF,Chelsea,28-193,1993,1.1,0,3,1,33.3,2.73,0.91,0.00,0.00,24.4,0,0,0,0.1,0.1,0.04,-0.1,-0.1,Matches
413,Kurt Zouma\Kurt-Zouma,fr FRA,DF,West Ham,26-336,1994,2.0,0,0,0,,0.00,0.00,,,,0,0,0,0.0,0.0,,0.0,0.0,Matches
414,Martin Ødegaard\Martin-Odegaard,no NOR,MF,Arsenal,22-285,1998,3.8,1,2,1,50.0,0.53,0.26,0.50,1.00,26.8,1,0,0,0.1,0.1,0.07,+0.9,+0.9,Matches